fold,loss,mse,rmse,mae,r2,training_time,inference_time
1,5.192911624908447,5.192911560514877,2.278796076992164,1.0606061655072943,0.33914897035058506,215.00199604034424,0.22146964073181152
2,4.944622993469238,4.944623414925521,2.2236509202043204,0.9611394729246355,0.1880255673786314,265.3163335323334,0.18162775039672852
3,11.742502212524414,11.74250236512239,3.426733483234783,1.394007312891266,0.543633603854587,176.23409485816956,0.20480847358703613
4,5.024938106536865,5.0249385075455395,2.2416374612201544,1.0321597239285607,0.6293953112083156,277.0374915599823,0.21605682373046875
5,7.251290798187256,7.25129115675355,2.692822154683363,1.2465377938477415,0.4824883754938721,213.40041160583496,0.18033576011657715
mean,6.831253147125244,6.831253400972375,2.5727280192669566,1.1388900938198996,0.4365383656571982,229.39806551933287,0.2008596897125244
std,2.9070220723557227,2.9070220281590013,0.5151746546695297,0.17733291523701883,0.17465530347106836,41.3799964178865,0.019120767723670478
