seed,loss,mse,rmse,mae,r2,training_time,inference_time
43,7.067318916320801,7.067318485466213,2.6584428685729193,1.1269567596132652,0.6930886513866364,170.08241724967957,0.3191721439361572
44,6.748610496520996,6.748611243016235,2.597808931198797,1.1239609352409385,0.5831192081149351,170.3186264038086,0.27219724655151367
45,6.308280944824219,6.30828046719819,2.5116290464951607,1.1079348054381062,0.6817626115866863,168.13057374954224,0.31337666511535645
46,6.117091655731201,6.1170913746326505,2.4732754344457173,1.091877097099425,0.6554168423978304,173.34279036521912,0.28693079948425293
47,5.805179119110107,5.805179529610737,2.4093940170944927,1.0803164388995052,0.4657343758684657,173.76990580558777,0.2646963596343994
mean,6.409296226501465,6.409296219984806,2.530110059561417,1.1062092072582481,0.6158243378709107,171.12886271476745,0.2912746429443359
std,0.5021635968263305,0.5021635232349481,0.09899057083206296,0.020151968260309586,0.094183091243383,2.377911476432348,0.02426927645437115
