seed,loss,mse,rmse,mae,r2,training_time,inference_time
43,83.04106903076172,83.04107655719434,9.112687669244147,4.403249921494739,0.3325166922642048,242.384752035141,0.33761096000671387
44,83.46632385253906,83.46632617392281,9.135990705660925,4.425850560366825,0.373079055683811,237.68856263160706,0.2878713607788086
45,82.88678741455078,82.88678428737991,9.104217939360849,4.389715935260142,0.46999020751204884,243.34999227523804,0.2847316265106201
46,84.0895004272461,84.08949968488899,9.170032698136305,4.4220363585541955,0.5124396131494137,243.61585640907288,0.28122401237487793
47,84.32058715820312,84.3205946223,9.182624604234892,4.444011749308786,0.3842050608206833,247.62959814071655,0.26613497734069824
mean,83.56085357666015,83.56085626513722,9.141110723327424,4.416972904996937,0.4144461258860323,242.9337522983551,0.29151458740234376
std,0.6305036957379104,0.6305049862457662,0.03447841726346899,0.02101673799586647,0.07420589120263918,3.553269826533251,0.027084025583575515
