fold,loss,mse,rmse,mae,r2,training_time,inference_time
1,0.21307489275932312,23.384150259603473,4.835716106183599,1.9591079681748536,0.7809856439704594,48.535645961761475,0.5075271129608154
2,0.25330883264541626,48.83610164957585,6.988283168960446,2.7688142393959674,0.7689104771369868,98.17019724845886,0.5145726203918457
3,0.20362138748168945,46.16653651430325,6.794596125915303,2.7127812385909134,0.7738485548246589,81.45121622085571,0.5040161609649658
4,0.14033302664756775,29.034946813442883,5.388408560367605,2.086700008440451,0.8342485499915471,50.00367522239685,0.49662327766418457
5,0.3284268081188202,91.89976242448216,9.586436377741322,3.731228315628652,0.71475579101978,68.20698761940002,0.5398406982421875
mean,0.22775298953056336,47.86429953228152,6.718688067833655,2.6517263540461675,0.7745498033886864,69.27354445457459,0.5125159740447998
std,0.06933316219383705,26.910829711167434,1.8451050713411923,0.7038708611241175,0.04246462661804867,21.129588672899484,0.016587523189237396
