seed,loss,mse,rmse,mae,r2,training_time,inference_time
43,0.5000737905502319,75.81921994499116,8.70742326667259,4.222479187383344,0.6877575701272094,66.19568514823914,0.8945324420928955
44,0.4931456446647644,78.7295331877662,8.872966425483993,4.269270469565502,0.688558124783533,66.02610635757446,0.8953874111175537
45,0.4987020194530487,75.8175197110924,8.707325634837163,4.188920500420531,0.6869963110163075,65.7556664943695,0.9424118995666504
46,0.5033089518547058,77.05443974059015,8.778065831411277,4.234766740703309,0.6838373895225677,68.97366237640381,0.9964046478271484
47,0.5088293552398682,76.30378497110851,8.73520377387434,4.223485108639615,0.6821291523297836,64.97170877456665,0.9890503883361816
mean,0.5008119523525238,76.74489951110968,8.760196986455872,4.2277844013424595,0.6858557095558802,66.38456583023071,0.9435573577880859
std,0.005794021246551136,1.2192296721901779,0.06935659304575245,0.02883955151923814,0.00274690452615298,1.5214523871418424,0.04895801795575028
