seed,loss,mse,rmse,mae,r2,training_time,inference_time
43,0.1029525175690651,5.654379760154524,2.3778939758018067,0.9760627267902979,0.9470974018589814,80.07364082336426,0.9679627418518066
44,0.11572131514549255,6.591780737018072,2.5674463454993703,1.0612258802447436,0.9404347198671325,82.22645473480225,1.1137571334838867
45,0.11690951883792877,6.5211247990040375,2.553649310105841,1.0772226523863324,0.94068045078137,81.01826596260071,1.0496058464050293
46,0.11351647973060608,6.0815210289631,2.4660740112500883,1.0189966540412436,0.9428325882551102,81.52214694023132,1.0087025165557861
47,0.11127165704965591,5.741560270639062,2.3961553102082225,1.0325069778658806,0.9427897385270961,84.43372750282288,1.0509130954742432
mean,0.11207429766654968,6.1180733191557595,2.472243790573066,1.0332029782656995,0.942766979857938,81.85484719276428,1.0381882667541504
std,0.005536494682570076,0.4315550588935798,0.08720635820195878,0.03933931604709491,0.002671629529800031,1.6410339394720113,0.05432303798211803
