fold,loss,mse,rmse,mae,r2,training_time,inference_time
1,0.22413040697574615,28.502748779052087,5.33879656655431,1.911035323265472,0.8093461830917515,104.37770628929138,0.5502755641937256
2,0.12895125150680542,26.849787186562292,5.181678028067963,1.9343467607837102,0.854912320797666,91.35822367668152,0.6983225345611572
3,0.20952393114566803,31.74037248857422,5.633859466526851,2.0790084745204576,0.815533538145837,101.30785036087036,0.6389555931091309
4,0.10129714757204056,20.44235064824061,4.521321781099042,1.4165304340427396,0.8817680917776215,106.72939252853394,0.5301351547241211
5,0.1788313388824463,48.493936460901274,6.963758788248001,2.2060313872805883,0.8182351017604564,77.291912317276,0.508636474609375
mean,0.1685468152165413,31.205839112666098,5.527882926099233,1.9093904759785936,0.8359590471146665,96.21301703453064,0.585265064239502
std,0.05235636922463484,10.503554225956405,0.9002426534042594,0.30012607280037695,0.03121409674847331,12.091224638654186,0.08031216793108359
