seed,loss,mse,rmse,mae,r2,training_time,inference_time
43,0.5893023014068604,73.67427166420332,8.58337181206799,4.119550154095119,0.6848128223724358,94.02943801879883,1.0170402526855469
44,0.5819688439369202,76.53157611010506,8.748232742108835,4.197744607822169,0.6848736093739539,94.09905171394348,0.9593186378479004
45,0.5850759148597717,76.90036751326043,8.769285461955292,4.201875317327852,0.6851577211503765,94.3770055770874,0.967792272567749
46,0.589790403842926,76.26842375489447,8.73317947570611,4.224484216076743,0.6815931857997309,93.73385310173035,0.8748953342437744
47,0.590304970741272,74.42510744082877,8.626998750482624,4.161563170125789,0.6838150012709295,95.24348211288452,1.6161439418792725
mean,0.5872884869575501,75.5599492966584,8.69221364846417,4.181043493089534,0.6840504679934855,94.29656610488891,1.0870380878448487
std,0.003626578563530683,1.4218264564693048,0.08193889576695688,0.041112352983969536,0.0014644483468156018,0.5766575473837007,0.30016206954516883
