fold,loss,mse,rmse,mae,r2,training_time,inference_time
1,0.03846155107021332,3.724968371867974,1.9300177128378833,0.7876716321129226,0.9547380669560576,90.17577719688416,0.563765287399292
2,0.06483510881662369,5.32757455201476,2.3081539272792795,0.9671414794364316,0.9477074920690942,67.32238125801086,0.5365984439849854
3,0.05595504865050316,6.662597877915293,2.581200859661118,1.0574534617173814,0.947096895416979,69.44216346740723,0.5162448883056641
4,0.026698466390371323,4.363091396139965,2.088801425731983,0.8363872933854589,0.9621204994827464,67.12568211555481,0.6199352741241455
5,0.06947086751461029,6.346098036780287,2.5191462912622375,1.0586741552104566,0.9408055389408002,40.32437777519226,0.5667874813079834
mean,0.05108420848846436,5.284866046943656,2.2854640433545,0.9414656043725301,0.9504936985731355,66.87807636260986,0.560666275024414
std,0.01806154389743642,1.2558992410123182,0.27730883838546133,0.12504430749194267,0.00816025149410428,17.710978452394475,0.03909094328392719
