seed,loss,mse,rmse,mae,r2,training_time,inference_time
43,0.054165322333574295,4.6479005897931955,2.1558990212422278,0.8665289814904162,0.9615662276026224,58.80360770225525,1.5303711891174316
44,0.07218439877033234,4.986972512888714,2.233153042872054,0.914761124808302,0.9499112249126233,59.094158411026,1.0247550010681152
45,0.07002318650484085,5.477464986454507,2.340398467452606,0.9646444308297832,0.9512818438081169,84.30176091194153,1.06630277633667
46,0.06319361180067062,5.471869876113929,2.339202829195008,0.9481792861222283,0.95555978048918,60.33531975746155,0.9700272083282471
47,0.05842016264796257,4.813695982889908,2.1940136697135477,0.9235654357929032,0.9590481634624765,62.02043008804321,1.0367646217346191
mean,0.06359733641147614,5.079580789628051,2.252533406095089,0.9235358518087265,0.9554734480550039,64.9110553741455,1.1256441593170166
std,0.007598654497376528,0.3800728153145224,0.08421730859589632,0.03749664683850774,0.004960238870196867,10.913635274009115,0.22892149215023477
