fold,loss,mse,rmse,mae,r2,training_time,inference_time
1,0.05699411779642105,3.864322837936333,1.965788095888347,0.746374411106456,0.9518529640691419,96.78686189651489,0.7435145378112793
2,0.023517156019806862,2.813351531969611,1.6773048416938439,0.7038339426128238,0.9738072137818375,105.74150466918945,0.5744614601135254
3,0.045127540826797485,2.9662771558206162,1.7222883486282476,0.714683694999169,0.9604966824887763,111.40019488334656,0.5782577991485596
4,0.023932501673698425,2.4321495922812897,1.559535056445122,0.6198238595821582,0.9718937902760376,82.90660524368286,0.6408419609069824
5,0.03259366378188133,3.6429865002158546,1.9086609180825846,0.7698451830375629,0.9663576655779854,153.1749439239502,0.6000044345855713
mean,0.03643299601972103,3.143817523644741,1.7667154521476292,0.710912218267634,0.9648816632387558,110.00202212333679,0.6274160385131836
std,0.014458359104246489,0.5948733422934595,0.1678318905465363,0.05721030625793606,0.008944118447609664,26.423522421076918,0.07005575071361692
