seed,loss,mse,rmse,mae,r2,training_time,inference_time
43,0.09885644912719727,5.799580777260687,2.40823187780178,0.9766766064560449,0.9492711974125534,119.18049383163452,0.9913313388824463
44,0.11718828976154327,7.115146687835209,2.6674232299796765,1.1103563726087002,0.9403975270393543,120.18513035774231,1.0978484153747559
45,0.12032768875360489,6.405298325481007,2.5308690850142774,1.0471444509480483,0.9396165305944395,119.01284050941467,1.0225694179534912
46,0.1138133555650711,5.900071706968544,2.4290063208992567,1.0176321559593962,0.9433644361329034,118.01645755767822,0.9911184310913086
47,0.10303502529859543,5.4626024569842455,2.337221097154534,0.9879936367365909,0.9474899497348748,120.1517562866211,1.1575372219085693
mean,0.11064416170120239,6.136539990905939,2.474550322169905,1.0279606445417562,0.944027928182825,119.30933570861816,1.0520809650421143
std,0.009266731118797665,0.6429526946587047,0.128163440354288,0.053598429043178714,0.004259047084968346,0.9017666332359142,0.07330341168397474
