fold,loss,mse,rmse,mae,r2,training_time,inference_time
1,0.2926894724369049,41.69155828598973,6.456900052346306,2.6504088160689645,0.7181189246316623,50.823744773864746,0.5434293746948242
2,0.35331910848617554,70.10883193469299,8.37310169141,3.7423712848359494,0.648321405790466,36.039748191833496,0.5983343124389648
3,0.3076380789279938,66.42819194732029,8.150349191741437,3.779066317652641,0.6905848180067787,32.686686277389526,0.49143195152282715
4,0.29802095890045166,110.34283208492297,10.504419645317059,3.656372042294748,0.6626796023381054,55.58607363700867,29.537525177001953
5,0.36737000942230225,110.93131106456583,10.532393415770503,5.018368312661267,0.6692657189003972,75.08894538879395,0.5282139778137207
mean,0.3238075256347656,79.90054506349836,8.803432799317061,3.7693173547027143,0.6777940939334819,50.045039653778076,6.339786958694458
std,0.03414438014412575,30.11208184747214,1.7320926690736493,0.8404853344882778,0.027200712198503375,16.99975937039495,12.967986880949574
