seed,loss,mse,rmse,mae,r2,training_time,inference_time
42,1417.3822021484375,1417.3822044913384,37.64813679973205,19.471819627530238,-2.2305926539204255,1.143306016921997,0.2649807929992676
43,1408.384521484375,1408.3844410702789,37.528448423433105,19.519237066325903,-4.839945900807719,1.1598477363586426,0.24401426315307617
44,1404.0845947265625,1404.084498706594,37.4711155252495,19.400680725731384,-3.8874639224306944,1.134589433670044,0.2562727928161621
mean,1409.950439453125,1409.950381422737,37.54923358280488,19.46391247319584,-3.65266749238628,1.1459143956502278,0.25508928298950195
std,6.785695623900092,6.78574768724848,0.09032247805745368,0.059672387173984424,1.3204272469286285,0.01282958274339553,0.010533250451791204
