fold,loss,mse,rmse,mae,r2,training_time,inference_time
1,0.04033245891332626,3.858774863567493,1.9643764566822453,0.8265745041287852,0.9524466218683302,72.07937359809875,0.6278069019317627
2,0.05790526047348976,4.0778192704134115,2.0193611045113777,0.8648408919115246,0.95328924591379,104.84753012657166,0.5506529808044434
3,0.067750945687294,6.757906649838368,2.5995974014909247,1.1284743556079169,0.9374379684857801,58.737104177474976,0.598224401473999
4,0.029561303555965424,4.37322315106645,2.0912252750639877,0.8342916278694612,0.9577683683792956,81.17681217193604,0.5295283794403076
5,0.056647103279829025,5.692284302056929,2.385850854948173,0.997886934019284,0.9513297434933085,106.09760737419128,0.5345776081085205
mean,0.05043941438198089,4.95200164738853,2.2120822185393414,0.9304136627073945,0.9504543896281008,84.58768548965455,0.5681580543518067
std,0.01526441479354968,1.2352768377532468,0.2708641398621145,0.1304822642347505,0.007676150538779796,20.672944405275576,0.04297759881744768
