seed,loss,mse,rmse,mae,r2,training_time,inference_time
43,0.07308589667081833,4.560461493716697,2.135523704789225,0.8972780526072707,0.9497045979774827,80.43436980247498,1.1169710159301758
44,0.06844412535429001,4.904597371639244,2.2146325590578777,0.9170016372096427,0.9522381346992103,83.46072173118591,1.0899913311004639
45,0.06551847606897354,5.318076195840515,2.306095443783825,0.950416371934407,0.9542477765450138,78.60836887359619,1.0170092582702637
46,0.07594551146030426,5.49180938619696,2.3434609845689685,0.9577694594779258,0.947685787294411,77.66766786575317,0.9987037181854248
47,0.07034382224082947,5.5390786211434255,2.3535247228664127,0.9760088200359324,0.9515442051054439,79.93169522285461,1.1002309322357178
mean,0.07066756635904312,5.162804613707368,2.2706474830132617,0.9396948682530357,0.9510841003243122,80.02056469917298,1.0645812511444093
std,0.0040393890924173646,0.41935180554862633,0.09330475331479254,0.03191595826519513,0.0025001948499868793,2.2104430218138043,0.053066475373753794
