seed,loss,mse,rmse,mae,r2,training_time,inference_time
43,0.5863961577415466,71.32135519293139,8.44519716720287,4.082285046690907,0.6881939189360429,102.9690375328064,1.050205945968628
44,0.5924842357635498,73.81986269642975,8.591848619268717,4.136552801763494,0.6829570984222215,106.56784129142761,0.9934031963348389
45,0.6075853705406189,76.44355940688196,8.743200752978394,4.2363389550358885,0.675169987384602,109.13223838806152,1.102663516998291
46,0.5983583331108093,74.57790940349783,8.635850242072163,4.151423780934623,0.680293591120423,110.7744026184082,1.1764814853668213
47,0.6032219529151917,75.25621177698328,8.675033819933113,4.200330556710866,0.6783524147518825,108.62491750717163,1.0401432514190674
mean,0.5976092100143433,74.28377969534483,8.618226120291052,4.161386228227156,0.6809934021230344,107.61368746757508,1.0725794792175294
std,0.008420002219038731,1.916243901188412,0.11156968045742702,0.059387537252198065,0.004926465631657515,2.9993862120652177,0.06986101174116188
