seed,loss,mse,rmse,mae,r2,training_time,inference_time
43,0.028755804523825645,2.6969369054693213,1.6422353380284207,0.6579675854782531,0.9734731546834152,54.44863557815552,1.1913161277770996
44,0.031102413311600685,2.963757057625258,1.7215565798501244,0.6680554323995662,0.9715098992132467,53.71273612976074,1.0366098880767822
45,0.03479542210698128,3.27031919403325,1.8084023872007164,0.6995996150343463,0.9682287558754016,53.15259623527527,1.073488712310791
46,0.030917208641767502,2.958999215430214,1.720174181712484,0.6640404750185381,0.9715180408966747,51.58519411087036,0.9817240238189697
47,0.030027106404304504,2.8572171418366374,1.6903304830229613,0.6575349278355896,0.9724636297223482,47.68642568588257,1.0007166862487793
mean,0.03111959099769592,2.949445902878936,1.7165397939629414,0.6694396071532587,0.9714386960782173,52.11711754798889,1.0567710876464844
std,0.0022546616772661492,0.20947713600968662,0.06059123926566131,0.017421404319920186,0.0019687935635460904,2.6911040492334735,0.08300975616070823
