fold,loss,mse,rmse,mae,r2,training_time,inference_time
1,0.2865966856479645,66.9152626672947,8.18017497779202,3.854253886347156,0.6950119251156507,54.177006483078,0.690709114074707
2,0.3827073574066162,87.04679729729229,9.329887314286935,4.097327105165525,0.5859310567884018,49.15025544166565,0.759627103805542
3,0.30288079380989075,81.95891305132453,9.05311620666191,4.331213417726384,0.7027668736213881,67.08787274360657,0.8346586227416992
4,0.56840980052948,181.33031867624354,13.465894648193396,6.045025904954602,0.4644726370071046,36.841516733169556,0.9312939643859863
5,0.3706936836242676,129.1025080910355,11.362328462557114,5.487989602589898,0.6385649483783945,73.5371994972229,1.1326749324798584
mean,0.3822576642036438,109.2707599566381,10.278280321898276,4.763161983356714,0.617349488182188,56.15877017974854,0.8697927474975586
std,0.11206946071658695,46.4211909725001,2.1294698815423523,0.9519164575046846,0.0976423692019817,14.557283703498005,0.1719965598436437
