seed,loss,mse,rmse,mae,r2,training_time,inference_time
43,0.3582066595554352,74.17356997438476,8.612407908035056,4.1360902560426895,0.6705243271887383,48.28180766105652,1.3188121318817139
44,0.35325026512145996,76.60912461105788,8.75266385799534,4.184826600604813,0.6747658708660803,49.59368681907654,1.4766709804534912
45,0.35979726910591125,76.74108949636685,8.760199169902865,4.192769830368551,0.6688469831231784,45.06445646286011,1.4093811511993408
46,0.35303542017936707,75.71024149647012,8.701163226630685,4.1712734157178275,0.6750645491550017,42.75178933143616,1.3356671333312988
47,0.35947972536087036,75.92412232256444,8.713444917055735,4.208909718651943,0.6691394503405581,84.71638536453247,1.6205646991729736
mean,0.3567538678646088,75.83162958016881,8.707975815923936,4.178773964277164,0.6716682361347114,54.08162512779236,1.4322192192077636
std,0.003350570073588244,1.025191139839397,0.059020859158669385,0.027471983652607397,0.0030328632051763085,17.33452132002119,0.12263261086921817
