fold,loss,mse,rmse,mae,r2,training_time,inference_time
1,47.66926193237305,47.669264562133414,6.904293197868513,2.58066397154689,0.4825012197637896,280.61190605163574,0.23306512832641602
2,34.876808166503906,34.87680848255451,5.905659021866612,2.397858916602384,0.4106144053843886,267.3152735233307,0.18828248977661133
3,35.435401916503906,35.43540453400599,5.952764444693406,2.2652710067517234,0.4186429041684141,545.780514717102,0.2209000587463379
4,40.5369873046875,40.53699190686052,6.36686672601685,2.4872412591909323,0.06721557303455213,326.5370388031006,0.17349624633789062
5,37.30237579345703,37.30237743223211,6.1075672269924395,2.356687427764192,0.5207413494823455,328.1952781677246,0.1693732738494873
mean,39.16416702270508,39.16416938355731,6.247430123487565,2.417544516371225,0.37994309036669793,349.6880022525787,0.19702343940734862
std,5.2433929070177765,5.243393599231403,0.4089410649737189,0.12118572772846013,0.18067873762936046,112.9235928034308,0.02856379246856762
