seed,loss,mse,rmse,mae,r2,training_time,inference_time
43,83.84908294677734,83.8490840260807,9.156914547274136,4.420147183896923,0.3750832613278619,260.86314702033997,0.2531452178955078
44,83.7332763671875,83.73327983117865,9.15058904285285,4.430829996895841,0.2328076948067489,261.5179076194763,0.24774503707885742
45,83.48536682128906,83.48536910832068,9.137032839402552,4.384169515480569,0.49961160260661036,264.0734763145447,0.2620508670806885
46,83.96949005126953,83.96948556075296,9.163486539563037,4.41012505705823,0.5424931055395792,262.5743103027344,0.25681424140930176
47,84.30254364013672,84.30254218101318,9.181641584216473,4.436489501739839,0.3885989689618101,260.361528635025,0.2451927661895752
mean,83.86795196533203,83.86795214146923,9.15793291066181,4.41635225101428,0.4077189266485221,261.8780739784241,0.2529896259307861
std,0.30168064892555585,0.3016786170300761,0.016467592664996686,0.02063990018857808,0.12107119976254387,1.4802231885497714,0.006801740910321445
