seed,loss,mse,rmse,mae,r2,training_time,inference_time
43,0.08139083534479141,5.342009388630626,2.3112787345170265,0.9898433235741754,0.9551343839983458,82.35146450996399,1.052126169204712
44,0.10161799192428589,6.3745047398954995,2.5247781565704934,1.0479181466573524,0.9442070112372357,78.74287796020508,1.0242407321929932
45,0.09933393448591232,6.226964374390325,2.4953886219164993,1.0192690367733694,0.9456810522514904,79.02618503570557,0.9227204322814941
46,0.0931810587644577,6.531218698224549,2.5556249134457407,1.0816317480186086,0.9488569148841478,79.58199167251587,1.0716032981872559
47,0.08704251050949097,5.144587677105517,2.2681683529018555,0.9390299835013827,0.9524893258889812,80.68957853317261,1.8117105960845947
mean,0.09251326620578766,5.9238569756493025,2.4310477558703227,1.0155384477049776,0.9492737376520403,80.07841954231262,1.17648024559021
std,0.008418745887069543,0.6343605084677,0.1316424339222044,0.05464538188237306,0.004567275705375514,1.4728847664887141,0.35970530330027345
