seed,loss,mse,rmse,mae,r2,training_time,inference_time
43,6.543776512145996,6.543776562456564,2.558080640334969,1.0915655849637693,0.6936276059663227,280.19505858421326,0.2730996608734131
44,6.897397041320801,6.897396842884866,2.6262895580809187,1.1513448726007283,0.36374762847937897,288.5494477748871,0.2860279083251953
45,5.990238666534424,5.990238274689357,2.4474963278193815,1.0868243536180466,0.6009534042113395,292.3451783657074,0.2657637596130371
46,5.807162284851074,5.807162140960642,2.409805415580404,1.0600774996531002,0.5954368082233574,271.6089143753052,0.26071763038635254
47,5.969221115112305,5.969220370947604,2.4431987989002457,1.1003113654420016,0.3816020137607971,271.81657338142395,0.26593661308288574
mean,6.24155912399292,6.241558838387807,2.4969741481431837,1.0980247352555292,0.5270734921282391,280.9030344963074,0.2703091144561768
std,0.46029591047001267,0.46029604555247844,0.09137109699208086,0.033374494697686566,0.14638079278748647,9.471483076357426,0.0098316226480503
