fold,loss,mse,rmse,mae,r2,training_time,inference_time
1,5.667478561401367,5.667478783380713,2.3806467153655357,1.01027533676838,0.22909570456676512,236.9348647594452,0.20542526245117188
2,2.7276320457458496,2.72763168230311,1.6515543231462628,0.7109614752590314,0.6391501628132771,370.8567621707916,0.18343663215637207
3,3.022505044937134,3.0225048289185694,1.7385352538612984,0.7550305027986349,0.5295603468365453,421.5455963611603,0.1860814094543457
4,2.9115538597106934,2.9115541050774194,1.7063276663869162,0.7635038091846501,0.6216906294328826,330.50890612602234,0.23906540870666504
5,3.277869939804077,3.277870291246773,1.8104889646851685,0.791370226404753,0.6211205720290364,357.07529878616333,0.2551460266113281
mean,3.521407890319824,3.521407938185317,1.8575105846890367,0.8062282700830898,0.5281234831357013,343.38428564071654,0.21383094787597656
std,1.2161245966006184,1.2161247276357845,0.2980401943394373,0.11766299334842223,0.17259046174559267,68.0966700815604,0.03204770117520595
