seed,loss,mse,rmse,mae,r2,training_time,inference_time
43,6.845320701599121,6.845320447040604,2.6163563302884802,1.0950355712936413,0.5796164278827775,295.21244502067566,0.25797319412231445
44,7.005650520324707,7.005650692240028,2.6468189760994285,1.1706158510371263,0.3340152291466764,282.61624455451965,0.2638888359069824
45,6.462250232696533,6.462249882954338,2.5420955692015865,1.1119657216835963,0.5702781481040331,280.4338490962982,0.2548859119415283
46,6.759363651275635,6.759364175880343,2.5998777232555272,1.1205845239580186,0.5724058235280599,282.79930877685547,0.25954270362854004
47,7.275068759918213,7.275068446273717,2.6972334801187894,1.1653855386661525,0.3043156076357843,502.6527314186096,0.4488546848297119
mean,6.869530773162841,6.869530728877805,2.620476415792763,1.1327174413277068,0.4721262472594662,328.7429157733917,0.2970290660858154
std,0.3006617722714218,0.3006617614773009,0.057381215912996685,0.03354571106553278,0.14007051088782307,97.39246273640786,0.08493516249117587
