fold,loss,mse,rmse,mae,r2,training_time,inference_time
1,0.3009840250015259,41.258502259526914,6.423278155235605,2.6442135754690814,0.7103374922388204,28.698440313339233,0.5006725788116455
2,0.3564962148666382,72.01743972806814,8.486308957848998,3.7445763466511024,0.645511810589107,27.520251274108887,0.4558415412902832
3,0.2925632894039154,63.86145217681522,7.991336069570296,3.6858935569757265,0.7052648311266724,26.73153281211853,0.4717848300933838
4,0.2976541221141815,112.6926765620804,10.615680692356962,3.7479695203764973,0.663284933761339,45.36131143569946,0.48682355880737305
5,0.365255743265152,116.69400666594281,10.802500019252156,5.105683219747693,0.6717324310043274,65.0256917476654,0.4969184398651123
mean,0.3225906789302826,81.30481547848669,8.863820778852803,3.7856672438440198,0.6792262997440532,38.667445516586305,0.4824081897735596
std,0.0352144024634734,32.52624382840682,1.84982995126038,0.8744173806692053,0.027806759124681182,16.625823300154373,0.018589468328109024
