seed,loss,mse,rmse,mae,r2,training_time,inference_time
43,0.06884965300559998,4.624272754266291,2.1504122289147936,0.8965289627071625,0.9523643028055006,51.323894739151,1.0160894393920898
44,0.07565222680568695,5.300174279218742,2.302210737360666,0.9455147534334544,0.947507591154312,51.73107957839966,0.9530215263366699
45,0.07486386597156525,5.446156545981187,2.3337001833957136,0.9738004442669456,0.9480451334530229,51.7001531124115,1.0793547630310059
46,0.07846824079751968,5.493481426470513,2.3438177033358447,0.9542258679043204,0.9458907751254708,51.792004346847534,1.0176358222961426
47,0.06782001256942749,4.795339483225386,2.1898263591493703,0.9310972944881922,0.9529061227818373,51.16708946228027,0.9911844730377197
mean,0.07313079982995987,5.131884897832424,2.2639934424312775,0.9402334645600151,0.9493427850640288,51.542844247817996,1.0114572048187256
std,0.004592985624450855,0.39647602028038004,0.08816596892081682,0.028913554675736374,0.0031142878061804088,0.27901161253042517,0.0460853108261941
