seed,loss,mse,rmse,mae,r2,training_time,inference_time
43,0.9525713920593262,117.08021985422893,10.820361355067073,5.246089323428967,0.5085296276380177,3.4850914478302,0.9098546504974365
44,1.0865036249160767,112.99552754616231,10.629935444120171,5.122168882000289,0.4605765384900315,3.5454165935516357,0.9297125339508057
45,0.9251728653907776,107.28709043336636,10.357948176804436,4.744000115677118,0.5278444783347225,3.393064022064209,0.9153258800506592
46,0.9315969347953796,97.21901618174881,9.859970394567563,4.61842657849874,0.5411744541262001,4.470343112945557,1.010976791381836
47,0.9834535121917725,105.49971871004503,10.271305599097177,4.921115675400967,0.5013448774537701,4.673450708389282,1.021599292755127
mean,0.9758596658706665,108.01631454511028,10.387904193931282,4.930360115001216,0.5078939952085484,3.9134731769561766,0.9574938297271729
std,0.0658984767984704,7.589361236497105,0.3670166937877714,0.25913007175869257,0.030772745266702026,0.6077565747944916,0.05428942196689996
