fold,loss,mse,rmse,mae,r2,training_time,inference_time
1,0.053324539214372635,4.2698058200142,2.0663508463022926,0.7689443893680554,0.9547850096074004,74.33185338973999,0.60184645652771
2,0.022774407640099525,2.867167711257732,1.6932713046814831,0.6874324458367762,0.974563691917114,95.65050411224365,0.6479458808898926
3,0.04272494837641716,3.302891652976731,1.8173859394682053,0.7607809958471682,0.962318810044294,79.97627902030945,4.684058427810669
4,0.023621464148163795,2.5868068091057403,1.608355311834341,0.6344997555846751,0.9723188916550344,75.15632820129395,9.52762222290039
5,0.036524876952171326,4.6447950823617274,2.1551786659954035,0.8311371574592655,0.9622269241109267,74.17043709754944,0.5237889289855957
mean,0.03579404726624489,3.534293415143226,1.8681084136563453,0.7365589488191882,0.965242665466954,79.8570803642273,3.1970523834228515
std,0.012976637140776088,0.89029865769205,0.23575509000231595,0.07650172235037671,0.008123433751890022,9.143434224395616,3.958114346807892
