seed,loss,mse,rmse,mae,r2,training_time,inference_time
43,0.09242749959230423,5.295933689720207,2.301289571027559,0.957595698613511,0.9529028131626589,83.63786387443542,0.8996918201446533
44,0.10700388252735138,7.420792837364185,2.724113220364415,1.0848674471449369,0.9445803686401542,81.60293245315552,1.1148054599761963
45,0.11035545915365219,6.811225997947144,2.609832561285713,1.0634595680477943,0.9436131041094509,86.30533289909363,0.9395546913146973
46,0.09867286682128906,6.53893994661962,2.5571351052730122,1.048158877996067,0.9489948093905297,144.026376247406,0.9216563701629639
47,0.09018347412347794,6.0397477121224705,2.4575898177121567,1.0299477214358579,0.9525933102780516,83.43597149848938,1.0616471767425537
mean,0.09972863644361496,6.421328036754725,2.529992055132571,1.0368058626476333,0.948536881116169,95.80169539451599,0.9874711036682129
std,0.008823122165994339,0.8026361021074692,0.159954046997857,0.04865827540266149,0.004348081458216525,27.01053284273647,0.09493272940378225
