fold,loss,mse,rmse,mae,r2,training_time,inference_time
1,3.9672458171844482,3.967245390847838,1.9917945152168277,0.9202905865916152,0.45890105883989557,261.13663721084595,0.1990056037902832
2,3.5677952766418457,3.5677954570035926,1.8888608887378637,0.832702622582333,0.6932126643345868,322.745769739151,0.27537965774536133
3,4.6882195472717285,4.6882198615288475,2.165229747977994,0.8897342322322319,0.6544644250099917,269.9642126560211,0.15881061553955078
4,3.4679501056671143,3.4679503089818073,1.8622433538562588,0.7821611948159889,0.7457166143608248,315.2351770401001,0.16047883033752441
5,5.074160099029541,5.074159888181753,2.252589596038691,1.0412601132425785,0.6817524318224887,226.53847742080688,0.16169953346252441
mean,4.153074169158936,4.153074181308767,2.032143620365527,0.8932297498929496,0.6468094388735575,279.124054813385,0.19107484817504883
std,0.7037859061391135,0.7037858380545663,0.17126911395686692,0.09830723913747506,0.11014202144493875,39.93607395452239,0.05002550332292202
