seed,loss,mse,rmse,mae,r2,training_time,inference_time
43,3.9899911880493164,3.9899916222491245,1.997496338482032,0.8257875808948906,0.7817982990361586,141.1268699169159,0.25376033782958984
44,4.143248081207275,4.143247897710059,2.0354969657825723,0.8625632140834981,0.6991406580927868,140.14839053153992,0.27964091300964355
45,4.033153533935547,4.0331537164809275,2.008271325414205,0.8384045457002213,0.7881391773747025,141.11029744148254,0.2684290409088135
46,3.7401857376098633,3.740185656656774,1.9339559603715837,0.8096667964290912,0.7430233710433649,140.93361735343933,0.27785539627075195
47,3.6391117572784424,3.639111999652173,1.907645669313925,0.8286260808274103,0.6173701773219098,140.89618349075317,0.25493311882019043
mean,3.909138059616089,3.9091381785498114,1.9765732518728636,0.8330096435870222,0.7258943365737845,140.84307174682618,0.26692376136779783
std,0.21105903174407353,0.2110589879368732,0.0535765635626358,0.01948576931594076,0.07033194420172298,0.40173135561042395,0.012252996388440313
