seed,loss,mse,rmse,mae,r2,training_time,inference_time
43,0.09422297030687332,6.1787178746525315,2.4857026923291796,1.0468008569154195,0.951016060174325,71.11253070831299,1.0256824493408203
44,0.09992898255586624,6.2266343127429655,2.495322486722501,1.0322593105299531,0.9480241878749998,70.79918193817139,0.9840950965881348
45,0.10914243757724762,6.7959791521214,2.6069098856925224,1.077086584653677,0.9436686910207376,71.89027333259583,0.9205005168914795
46,0.10872343927621841,6.438346407889803,2.5373896838857455,1.0430011832009427,0.9440863029661465,70.78428411483765,1.0127227306365967
47,0.09834600985050201,5.998459217180055,2.4491752116130963,1.0217052403182632,0.948546598389449,70.1556944847107,0.9249076843261719
mean,0.10207276791334152,6.327627392917352,2.5148999920486093,1.044170635123651,0.9470683680851316,70.9483929157257,0.9735816955566406
std,0.0066014301956872105,0.3050972817877879,0.06026424013519534,0.020846576669054196,0.0031278405350345503,0.6308023366166596,0.04884621702600326
