fold,loss,mse,rmse,mae,r2,training_time,inference_time
1,0.029588324949145317,2.919258910755607,1.7085838904647344,0.65777901658203,0.9733126318940731,257.8987412452698,0.8328371047973633
2,0.024273760616779327,2.4644395840349667,1.5698533638639522,0.6134835014009308,0.9768032371129536,219.455246925354,45.56598448753357
3,0.016064155846834183,1.631813625188527,1.2774246064596246,0.5559155128813694,0.9817224403040697,194.01081204414368,10.877902269363403
4,0.03057014010846615,2.844669233740778,1.6866147259349948,0.6613476717508232,0.970202280658619,184.8658139705658,0.6626813411712646
5,0.026665518060326576,2.8968453173378315,1.7020121378350483,0.6462521771006018,0.9716194073551382,94.29589009284973,51.02893662452698
mean,0.02543237991631031,2.551405334211542,1.5888977449116708,0.626955575943151,0.9747319994649708,190.10530085563659,21.793668365478517
std,0.005794288340414044,0.5463196645493574,0.18306177381607025,0.04397000942513366,0.004619996616002244,60.579531042532984,24.62139787466753
