seed,loss,mse,rmse,mae,r2,training_time,inference_time
43,0.1346767395734787,6.537012716453339,2.556758243646305,1.058106768782755,0.9425978318722036,173.89903092384338,0.9335763454437256
44,0.15491215884685516,8.291454678338463,2.8794886140317457,1.2308069839774143,0.9343669886970624,165.72118186950684,0.9368181228637695
45,0.13488522171974182,8.29929598348639,2.8808498717368787,1.1777243239028305,0.9419365467242065,164.2277479171753,0.9287235736846924
46,0.12876632809638977,7.084741397192946,2.6617177531047402,1.0918653861579166,0.9444053047522254,163.6463234424591,1.6640331745147705
47,0.12062355875968933,8.020877521894382,2.8321153793400407,1.2144782323394974,0.9459301449328889,168.96578931808472,0.9170160293579102
mean,0.13477280139923095,7.646676459473103,2.762185972371942,1.1545963390320828,0.9418473633957174,167.29201469421386,1.0760334491729737
std,0.012667817229266198,0.7951104116027166,0.14579571969357197,0.0761154006240628,0.004464844098514538,4.23091291263666,0.32878767833715483
