seed,loss,mse,rmse,mae,r2,training_time,inference_time
43,0.07657678425312042,5.734088301830684,2.394595644744783,0.9911422464243059,0.953488269528321,59.57429838180542,0.953174352645874
44,0.08750985562801361,6.3652952890639325,2.5229536834955835,1.0244269642196142,0.9468382363481774,59.78106904029846,1.0497777462005615
45,0.08750306069850922,6.8376253018509905,2.6148853324478667,1.0508710665591903,0.947507205079674,59.36730742454529,0.9622516632080078
46,0.07766235619783401,6.02443947788305,2.4544733605975537,1.0379356321323654,0.952479510305214,59.617860317230225,1.694413185119629
47,0.07702593505382538,5.378945682290849,2.319255415492405,0.9847002859755607,0.9533582711096785,55.264747619628906,1.0249669551849365
mean,0.08125559836626053,6.0680788105839,2.4612326873556385,1.0178152390622073,0.9507342984742131,58.72105655670166,1.1369167804718017
std,0.0057192495576757,0.5632268541867337,0.11408587377521304,0.028936488697479324,0.003282864037719527,1.9377575128910778,0.3143236384854307
