seed,loss,mse,rmse,mae,r2,training_time,inference_time
42,1422.2906494140625,1422.2905027251436,37.71326693254171,19.505064633453365,-2.1458192842688404,1.0191230773925781,0.23925447463989258
43,1416.3277587890625,1416.3277401709772,37.63412999088696,19.559443994977133,-4.025753755315532,0.9876360893249512,0.247100830078125
44,1411.09765625,1411.0976927796944,37.564580295534974,19.44336091028394,-3.4846221992098947,1.0203649997711182,0.2432708740234375
mean,1416.572021484375,1416.5719785586052,37.63732573965455,19.502623179571483,-3.2187317462647553,1.009041388829549,0.2432087262471517
std,5.6004930310579315,5.6004006920246265,0.0743948157718813,0.058080040984531574,0.9677611810684128,0.018547930557335408,0.003923546887109013
