seed,loss,mse,rmse,mae,r2,training_time,inference_time
43,0.35767436027526855,74.74471577310244,8.64550263276245,4.12472943631076,0.6721330229250562,38.32248115539551,1.5451006889343262
44,0.35085728764533997,76.60937109277977,8.752677938367192,4.176251225658614,0.6778548239178305,37.965529680252075,2.3940634727478027
45,0.3576180338859558,77.37311355935302,8.796198813086992,4.229226415692341,0.6715644061630099,37.95053482055664,1.3413217067718506
46,0.35789087414741516,75.97233272393866,8.716210915526233,4.169619241270141,0.6713245439430159,35.57638382911682,1.1741926670074463
47,0.35915279388427734,77.01232998552301,8.775666925397921,4.224400307523946,0.6704287719771574,35.59475779533386,1.1657707691192627
mean,0.35663866996765137,76.34237262693938,8.737251445028157,4.18484532529116,0.672661113785214,37.08193745613098,1.5240898609161377
std,0.0032918468991765186,1.0334402335475585,0.059264378980404896,0.04316795714313685,0.0029675765111407174,1.3740942777975156,0.5102745232220757
