fold,loss,mse,rmse,mae,r2,training_time,inference_time
1,115.71469116210938,115.71468364415603,10.757075980216744,4.850273376520973,0.016454029550784604,133.36710619926453,0.1799330711364746
2,100.63092041015625,100.63091370224043,10.031496084943683,4.7754740161230655,0.2906731291035371,213.6256549358368,0.243056058883667
3,107.01541900634766,107.01542275531602,10.344825892943584,4.71675595005111,0.22695958617668233,155.43309831619263,0.22534728050231934
4,121.74138641357422,121.74140097792962,11.033648579591867,5.355181504858702,0.04175360930258246,112.47279572486877,0.2068040370941162
5,100.3918685913086,100.39187603153215,10.019574643243702,4.695765074350107,0.27346328656730506,248.08510160446167,14.944923877716064
mean,109.09885711669922,109.09885942223487,10.437324236187916,4.878689984380792,0.16986072814017833,172.59675135612488,3.1600128650665282
std,9.426838318674479,9.426841464014263,0.4487791925312339,0.27303358904034614,0.13089543058985809,56.6354748318721,6.588006994498313
