seed,loss,mse,rmse,mae,r2,training_time,inference_time
43,77.91211700439453,77.91212325966585,8.82678442354099,4.244595186521298,0.32524063175281287,77.58940601348877,0.259387731552124
44,78.24713134765625,78.24713066087246,8.84574082035374,4.27746047588297,0.3338155604831039,75.73164892196655,0.258026123046875
45,78.59386444091797,78.59386571309506,8.865318139418068,4.272364646373255,0.30997062212804144,76.98018980026245,0.301450252532959
46,78.38407897949219,78.38407446794082,8.85347810004299,4.2873801076846645,0.32384219743358456,75.14873337745667,0.2553708553314209
47,78.48365020751953,78.48364677404332,8.85909965933578,4.277641243907179,0.319711127523247,75.1050956249237,0.2633631229400635
mean,78.3241683959961,78.3241681751235,8.850084228538313,4.271888332073873,0.32251602786415795,76.11101474761963,0.2675196170806885
std,0.26338220279939256,0.26337935586191386,0.014888036342291397,0.016196315647640257,0.00869074652273609,1.120589482546608,0.019186003159830614
