fold,loss,mse,rmse,mae,r2,training_time,inference_time
1,0.22746695578098297,27.71710587025879,5.264703778016271,1.9042772484235266,0.8066555662630422,120.34803628921509,0.6461160182952881
2,0.1322021335363388,25.47446228048719,5.047223224753111,1.934121001073034,0.8513688064866409,80.61983633041382,4.953490972518921
3,0.21496379375457764,32.95667480144545,5.740790433506997,2.085887697023313,0.8108045733825894,123.66369104385376,0.6512658596038818
4,0.1079217940568924,20.77971350863742,4.558477104103674,1.419930077571365,0.8737327005830088,88.42108225822449,0.6411921977996826
5,0.17793898284435272,47.150504465104866,6.8666224932717,2.1756640159517193,0.8189259968426571,80.14738917350769,0.7128543853759766
mean,0.1720987319946289,30.81569218518674,5.4955634067303505,1.9039760080085917,0.8322975287115877,98.64000701904297,1.52098388671875
std,0.05159355625108096,10.127447121873239,0.8764095987272784,0.29245320582350304,0.029063905172465224,21.613382351357156,1.9190502100510787
