fold,loss,mse,rmse,mae,r2,training_time,inference_time
1,0.029733123257756233,2.6022364258116855,1.6131448868008371,0.6753783669415413,0.9686942411933117,116.66862940788269,1.0101001262664795
2,0.02890138328075409,3.1237565641096112,1.767415221194389,0.6737251359937289,0.9688659645595616,97.18939590454102,0.7601420879364014
3,0.02657450921833515,3.01921874954664,1.7375899256000076,0.6948409706923714,0.9725411899691497,87.41229820251465,0.8615238666534424
4,0.0733613669872284,7.3290056131546315,2.707213625326718,1.0626320115583943,0.9366763105509648,70.5815167427063,0.8617563247680664
5,0.031997743993997574,3.0600707483665617,1.7493057904113167,0.647371777744871,0.9669979689305394,106.07195949554443,0.6583845615386963
mean,0.03811362534761429,3.8268576201978264,1.9149338898666535,0.7507896525861814,0.9627551350407055,95.58475995063782,0.8303813934326172
std,0.019799347941573963,1.9684595107331382,0.44705399231803156,0.17514063664089213,0.014718091049337877,17.670859232567764,0.131119728782666
