seed,loss,mse,rmse,mae,r2,training_time,inference_time
43,0.030365826562047005,3.4157440019871976,1.848173152598857,0.7335682852787256,0.9719638279913413,75.23946166038513,1.2537808418273926
44,0.033096082508563995,2.870413163016702,1.6942293714301797,0.6462964630541462,0.9697250080969159,74.0923318862915,1.180832862854004
45,0.03338928520679474,2.96007588643238,1.7204871073136179,0.6755292394503853,0.9695052131662348,78.027761220932,1.1632096767425537
46,0.029370004311203957,2.991674841869893,1.7296458718101497,0.689691060354714,0.972948248388164,74.65421319007874,1.138944387435913
47,0.02994212508201599,2.8765132947296146,1.6960286833451887,0.6620123255174745,0.9724932296820348,71.14484739303589,1.296269416809082
mean,0.031232664734125136,3.0228842376071574,1.7377128372995987,0.6814194747310892,0.9713271054649383,74.63172307014466,1.2066074371337892
std,0.0018714795301169463,0.22579282059774905,0.06362323368212532,0.03328992276869406,0.0016030730775257818,2.4673959936538625,0.06593668040320125
