seed,loss,mse,rmse,mae,r2,training_time,inference_time
43,0.028755804523825645,2.6969369054693213,1.6422353380284207,0.6579675854782531,0.9734731546834152,48.77379846572876,0.935274600982666
44,0.031102413311600685,2.963757057625258,1.7215565798501244,0.6680554323995662,0.9715098992132467,45.28709435462952,0.9007439613342285
45,0.03479542210698128,3.27031919403325,1.8084023872007164,0.6995996150343463,0.9682287558754016,43.147674798965454,0.867039680480957
46,0.030917208641767502,2.958999215430214,1.720174181712484,0.6640404750185381,0.9715180408966747,44.790947914123535,0.878166675567627
47,0.030027106404304504,2.8572171418366374,1.6903304830229613,0.6575349278355896,0.9724636297223482,44.50247263908386,1.6168296337127686
mean,0.03111959099769592,2.949445902878936,1.7165397939629414,0.6694396071532587,0.9714386960782173,45.300397634506226,1.0396109104156495
std,0.0022546616772661492,0.20947713600968662,0.06059123926566131,0.017421404319920186,0.0019687935635460904,2.0973274204430594,0.323726975978551
