seed,loss,mse,rmse,mae,r2,training_time,inference_time
43,87.33867645263672,87.33866767069775,9.345515912495026,4.500081785624636,0.4286040151212312,318.31601071357727,0.2611269950866699
44,85.50840759277344,85.50840240504539,9.24707534332047,4.466912885082413,0.4250828696299611,320.048823595047,0.2634701728820801
45,86.20465087890625,86.20465389148346,9.284646137117099,4.461580331335578,0.5077998896511632,311.8794710636139,0.24710726737976074
46,87.0083999633789,87.00839990840997,9.327829324575465,4.494328047687511,0.5167426556800194,310.56832361221313,0.2603180408477783
47,87.62796783447266,87.62797220282486,9.36098136964415,4.513999185048164,0.39829502545512674,318.64328122138977,0.2626068592071533
mean,86.7376205444336,86.73761921569229,9.313209617430442,4.48738044695566,0.4553048911075003,315.89118204116824,0.2589258670806885
std,0.8692423626773418,0.869243331135617,0.04671506038484244,0.02237586552848496,0.05340120768786999,4.334930048483505,0.0067205436803676015
