fold,loss,mse,rmse,mae,r2,training_time,inference_time
1,0.20400288701057434,29.646627883015224,5.444871704917869,2.2194535627758856,0.7605545617821102,56.43989109992981,0.521303653717041
2,0.31147098541259766,49.83221176901091,7.059193421986035,3.0458366406264314,0.7414910696867336,38.398072719573975,0.5201733112335205
3,0.40670081973075867,97.33568961996735,9.865885141231239,4.499557764132899,0.6118694121497099,49.27390432357788,0.48952245712280273
4,0.1091272160410881,28.101550959749826,5.301089601181046,2.0848637013317672,0.8430573510170349,47.980525493621826,0.47133922576904297
5,0.40166205167770386,111.00820592831168,10.536043181778997,4.238105396369946,0.6670486370427421,45.778889656066895,0.5128681659698486
mean,0.2865927919745445,63.184857232011,7.641416610219037,3.217563413047386,0.7248042063356661,47.57425665855408,0.5030413627624511
std,0.12903577063377894,38.68881098275686,2.4478586103673337,1.1173335950416592,0.08892457347697974,6.501519533064789,0.021859593375935227
