seed,loss,mse,rmse,mae,r2,training_time,inference_time
43,0.4400249123573303,74.08320902333895,8.60716033447379,4.169698006009956,0.6864359404202505,43.56855750083923,0.9074938297271729
44,0.4430370032787323,79.06968235144181,8.892113491821942,4.251433567373592,0.6825771897560564,42.93869972229004,0.8783164024353027
45,0.44255632162094116,75.7866748703815,8.705554254059962,4.200676308204031,0.6836770793047187,46.02289271354675,0.8885691165924072
46,0.44217684864997864,74.13930580234062,8.610418445252275,4.16349730376061,0.6840922151649481,45.34414529800415,0.8648524284362793
47,0.44955581426620483,74.75259559523205,8.645958338740249,4.153690550042522,0.6799314402101384,45.72747039794922,0.8841569423675537
mean,0.44347018003463745,75.56629352854699,8.692240972869644,4.187799147078143,0.6833427729712225,44.72035312652588,0.8846777439117431
std,0.003591667396259204,2.0748637983748455,0.11853479506656023,0.039676151569105846,0.002369832170232091,1.3784895051767103,0.015568378099587388
