seed,loss,mse,rmse,mae,r2,training_time,inference_time
43,0.03258705884218216,2.7501980086112394,1.6583720959456716,0.6462221700176335,0.9702102978829773,49.220972299575806,1.2955646514892578
44,0.03345975652337074,2.8528866219559483,1.6890490288786613,0.6642637906796167,0.9694054216273758,47.63105893135071,1.2917842864990234
45,0.03406312316656113,2.941235889544354,1.7150031747913337,0.684381778771904,0.9688777097239187,47.39880394935608,1.1107087135314941
46,0.03478913754224777,2.7614627836843346,1.6617649604213993,0.648641873727121,0.9682749063412212,48.656654834747314,1.0723886489868164
47,0.03302185982465744,2.8943119205264995,1.7012677392246347,0.6725028360493962,0.9698436397975542,47.09385013580322,1.0694451332092285
mean,0.03358418717980385,2.8400190448644755,1.68509139985234,0.6632024898491342,0.9693223950746095,48.00026803016662,1.167978286743164
std,0.0008670705016980212,0.083061792147496,0.02464799708283055,0.016097576538134213,0.000768429986150956,0.90008754420853,0.1159010043660643
