seed,loss,mse,rmse,mae,r2,training_time,inference_time
43,0.39262622594833374,73.4631886121301,8.571066947126834,4.131240333415636,0.6851668520786873,35.54080629348755,0.8841006755828857
44,0.3906910717487335,76.37110592091881,8.739056351856235,4.18605703573176,0.6853222916870184,34.93640351295471,0.8603377342224121
45,0.39565274119377136,76.38761509185483,8.74000086337838,4.22114007854004,0.6817173333979976,34.6765923500061,0.9439697265625
46,0.39413413405418396,74.38583922415611,8.624722559256972,4.162365848693525,0.6835692594003518,36.480921030044556,1.0493085384368896
47,0.398248553276062,74.37974233324944,8.624369097693434,4.144471214871019,0.6807963936459984,36.32820653915405,0.9501311779022217
mean,0.3942705452442169,74.99749823646185,8.659843163862371,4.169054902250396,0.6833144260420106,35.59258594512939,0.9375695705413818
std,0.0028840092756801635,1.3161571020448621,0.07594910934325046,0.03564049968383548,0.0020260268243048616,0.8066253257197765,0.0733280849883227
