seed,loss,mse,rmse,mae,r2,training_time,inference_time
43,86.89373779296875,86.89374125645084,9.321681246237228,4.481033266276999,0.4703342605177447,454.66420316696167,0.26025986671447754
44,87.48473358154297,87.48473454029296,9.353327458198658,4.513942696274403,0.4251061456571646,456.59004378318787,0.2491590976715088
45,87.1412124633789,87.14121136530657,9.334945707678571,4.485588863619372,0.42656877713223734,449.93327808380127,0.25353264808654785
46,86.28831481933594,86.2883181515607,9.289150561357088,4.480768965817245,0.4914784881896532,449.4206178188324,0.2652411460876465
47,86.85662078857422,86.85662175855622,9.319690003350766,4.494664291017189,0.3818327961472627,456.80582904815674,0.2542119026184082
mean,86.93292388916015,86.93292541443347,9.32375899536446,4.491199616601041,0.4390640935288125,453.482794380188,0.2564809322357178
std,0.4389637322578849,0.43896256053286997,0.023548110161230842,0.013900407777694412,0.04287035908349619,3.577486175108611,0.006294279719324583
