fold,loss,mse,rmse,mae,r2,training_time,inference_time
1,75.49046325683594,75.49046994399154,8.688525188085233,3.8300127598081954,-0.010024886330230095,89.43340849876404,0.2611231803894043
2,89.37796783447266,89.37796769440884,9.453992156460087,4.0310112641020845,0.20662122177738307,106.33070945739746,0.16483545303344727
3,88.9266357421875,88.92663506885845,9.430091996839609,4.194279823777072,0.32123117110246263,171.5102837085724,0.19664931297302246
4,74.74951934814453,74.74951980091329,8.645780462220475,4.060486133146173,0.11713360203099792,60.51720356941223,0.15664434432983398
5,93.34354400634766,93.34353648534746,9.661445879646973,4.221786177718192,0.3214442525300361,150.73499655723572,0.1831343173980713
mean,84.37762603759765,84.37762579870392,9.175967136650476,4.067515231710344,0.19128107222212992,115.70532035827637,0.19247732162475586
std,8.62795881300482,8.627954901733707,0.4733562424516983,0.15625152688966026,0.14149800191140827,45.180463327997174,0.04142772720764282
