fold,loss,mse,rmse,mae,r2,training_time,inference_time
1,0.15208114683628082,20.854390196449057,4.566660727101265,1.5380228637039262,0.8632948812212455,324.4770884513855,0.7576298713684082
2,0.09823400527238846,13.375169147636056,3.6572078348975543,1.156473216756486,0.9061270556299214,256.17340660095215,0.7654623985290527
3,0.054233185946941376,10.111225154580474,3.1798152705118694,1.1311966904344601,0.9389765217803049,246.41726875305176,0.8724799156188965
4,0.12169371545314789,14.509930146079656,3.8091902218292613,1.472167708950434,0.88153900802378,123.80385780334473,0.8211987018585205
5,0.09890991449356079,23.561356400493068,4.854004161565281,1.430563025394098,0.8956154670570052,138.27832531929016,0.7238938808441162
mean,0.10503039360046387,16.48241420904766,4.013375643181047,1.345684701047881,0.8971105867424514,217.82998938560485,0.7881329536437989
std,0.0359007212303005,5.553451895045378,0.6848632671643162,0.18841599091535327,0.028382497310644555,84.89763630480734,0.05869157578200821
