seed,loss,mse,rmse,mae,r2,training_time,inference_time
43,0.7096651196479797,71.7811312892177,8.472374595661933,4.090732552864967,0.6819136364183441,207.35283541679382,1.5765571594238281
44,0.699228823184967,71.0107085896634,8.426785187108035,4.0633238853428075,0.6859682972626087,198.545512676239,1.0071711540222168
45,0.7139096260070801,76.71301336590201,8.758596540879253,4.243997175182578,0.6758612505791195,198.17004132270813,1.044645071029663
46,0.7066016793251038,74.83220078816761,8.650560721026563,4.164183921563658,0.6811117856483134,206.84710812568665,0.9487721920013428
47,0.7182438373565674,73.87929328090667,8.595306468120068,4.155079862096708,0.6784252144826745,263.92779541015625,1.1320991516113281
mean,0.7095298171043396,73.64326946277149,8.58072470255917,4.143463479410144,0.6806560368782121,214.96865859031678,1.1418489456176757
std,0.007242576343060093,2.307083001219734,0.1343179142106425,0.07048795323850106,0.003807095945429295,27.716739917071564,0.251958142954676
