fold,loss,mse,rmse,mae,r2,training_time,inference_time
1,0.06168776750564575,5.875561324470865,2.4239557183395215,0.9931388789934421,0.9416054732395431,61.537741899490356,0.9850988388061523
2,0.04794270545244217,4.180515982072975,2.0446310136728765,0.8999831471025298,0.9523512914992819,75.89747285842896,0.7526178359985352
3,0.04837122932076454,5.539539657282794,2.353622666716735,0.9589198536155149,0.9506796388848627,84.15748047828674,0.6839077472686768
4,0.043326422572135925,4.882211931746917,2.209572793946132,0.8861473643359261,0.9500462254183106,112.2830376625061,0.6388318538665771
5,0.05280129611492157,5.056233017033311,2.248606905849333,0.95888516338901,0.9496239941614113,71.07202100753784,0.6940999031066895
mean,0.05082588419318199,5.106812382521372,2.2560778197049194,0.9394148814872846,0.948861324640682,80.98955078125,0.7509112358093262
std,0.006936546982350246,0.6498570008578488,0.14545297331469687,0.044827708460162895,0.004186859490441473,19.313063085058303,0.13704518300394591
