seed,loss,mse,rmse,mae,r2,training_time,inference_time
43,0.04578190669417381,4.299894288095355,2.0736186457724948,0.8257485819035507,0.9633471385190265,65.23466229438782,1.3475337028503418
44,0.05621813237667084,4.271320553438433,2.066717337576291,0.8314087956578908,0.955767802350806,66.86283659934998,1.6404259204864502
45,0.06019626930356026,5.1204968003422,2.262851475537491,0.9184656289482648,0.9525394848492569,68.05708837509155,1.3625357151031494
46,0.05018635094165802,4.402957823377807,2.0983226213758948,0.8565458163519737,0.960288430972818,84.59816241264343,1.2825548648834229
47,0.04358851537108421,4.114001365434423,2.028300117200219,0.8282070190784503,0.9651771569996052,69.30336380004883,1.261988878250122
mean,0.05119423493742943,4.4417341661376435,2.105962039492478,0.852075168388026,0.9594240027383026,70.81122269630433,1.3790078163146973
std,0.006971948534889257,0.39331617606041874,0.091228109390181,0.0391074053595601,0.005244077667213943,7.8521713515930305,0.15214958004461326
