seed,loss,mse,rmse,mae,r2,training_time,inference_time
43,0.08378870040178299,4.8859514635193095,2.210418843459155,0.925495082201793,0.950032853280541,73.84224247932434,0.9703757762908936
44,0.0965593233704567,5.35017024580203,2.3130435027906477,0.9895634460852002,0.9427292902991087,73.20749187469482,1.0383059978485107
45,0.0914524495601654,6.132490071134008,2.476386494700294,1.039648769132148,0.9452264046804991,78.25068092346191,1.102283239364624
46,0.09850586205720901,6.380963696898853,2.5260569464877176,1.0518143092890029,0.9418976460909759,79.61266136169434,1.0684483051300049
47,0.08672020584344864,5.473894254995968,2.339635496182251,0.9996941795318665,0.9475497703328516,78.45308518409729,1.0003280639648438
mean,0.09140530824661255,5.644693946470033,2.373108256724013,1.0012431572480023,0.9454871929367952,76.67323236465454,1.0359482765197754
std,0.00626392165914224,0.6065569027162144,0.12772601701664466,0.04977202603111351,0.0033717998720022356,2.9292628645184893,0.052513546666270734
