seed,loss,mse,rmse,mae,r2,training_time,inference_time
43,0.398086816072464,73.46117335739326,8.570949384834405,4.108618517788165,0.6812665145920281,42.402846336364746,0.9601333141326904
44,0.39359405636787415,74.76003921087549,8.646388795958432,4.145442660427922,0.6838636886563992,44.800196409225464,1.0600659847259521
45,0.4019356966018677,74.35626049355831,8.623007624579623,4.1589911537186675,0.6776223410528094,43.73378014564514,1.047917127609253
46,0.40311768651008606,75.36201834148113,8.681130015238864,4.17110685595136,0.676915127201659,44.20128846168518,1.1146459579467773
47,0.4047400951385498,75.11439839906492,8.666856315819764,4.19072947211787,0.6754495396879033,44.101704120635986,1.5994508266448975
mean,0.40029487013816833,74.61077796047462,8.637666427286216,4.154977732000797,0.6790234422381598,43.847963094711304,1.156442642211914
std,0.004477639919611586,0.7460972559732527,0.04325291041039944,0.03079990846986966,0.003451094581340224,0.8940598133747355,0.2537749071564321
