fold,loss,mse,rmse,mae,r2,training_time,inference_time
1,1504.83984375,1504.8400439134396,38.792267836689305,20.706000629977073,-2.736460855414277,1.331956386566162,0.19489002227783203
2,1320.9119873046875,1320.9118670661917,36.34435124013348,19.04362027457341,-4.66633221760734,1.143695592880249,0.15540075302124023
3,1363.3709716796875,1363.3710233567501,36.92385439464236,19.39205169968971,-2.285491881575585,1.1753935813903809,0.16702890396118164
4,1291.780517578125,1291.7804085273995,35.94134678232577,18.88932856306806,-2.2312363465629867,1.4081392288208008,0.15569591522216797
5,1396.993408203125,1396.9931599245076,37.376371679505056,19.698180280555846,-7.374187709299162,1.157839059829712,0.16873478889465332
mean,1375.579345703125,1375.5793005576575,37.07563838665919,19.54583628957282,-3.8587418020918696,1.2434047698974608,0.16835007667541504
std,82.65386635506341,82.65397414542369,1.1047277828388509,0.7204274788453946,2.2019290434292653,0.11923481376510753,0.016078518266596696
