seed,loss,mse,rmse,mae,r2,training_time,inference_time
42,1424.6998291015625,1424.6996369865917,37.74519356138728,19.52252626393081,-2.1237037572379625,1.0574183464050293,0.25192928314208984
43,1420.3343505859375,1420.3343632689878,37.68732364163032,19.578299913555384,-3.633412017945524,0.9493603706359863,0.2775585651397705
44,1414.81298828125,1414.8129626355073,37.61399955648837,19.465313733172632,-3.249362330763059,0.9594612121582031,0.24691367149353027
mean,1419.9490559895833,1419.9489876303624,37.68217225316866,19.522046636886277,-3.0021593686488486,0.9887466430664062,0.2588005065917969
std,4.954668939095142,4.954590620649891,0.06574853103047952,0.0564946171855984,0.7846252203891311,0.05968549974185626,0.016437386057983693
