fold,loss,mse,rmse,mae,r2,training_time,inference_time
1,0.04969984292984009,5.2175906979224544,2.2842046094696626,0.9305997372349003,0.9556408245338909,92.85343289375305,0.670814037322998
2,0.04716446250677109,4.231606457926969,2.057086886333917,0.8217708756206806,0.9617510030843232,142.70577716827393,0.612396240234375
3,0.026866834610700607,3.192751926469677,1.7868273353823745,0.737537472170342,0.9663651768967233,90.08740973472595,0.5607254505157471
4,0.01663188263773918,1.9068518558777434,1.3808880678308952,0.6061666087519907,0.9797046315993062,115.10147404670715,0.5798768997192383
5,0.057512689381837845,7.435671645640521,2.726842798116628,1.0952433156904338,0.9461743349094632,91.64911460876465,0.6032810211181641
mean,0.03957514241337776,4.396894516767473,2.047169939426696,0.8382636018936693,0.9619271942047414,106.47944169044494,0.6054187297821045
std,0.017100856613147836,2.0967415573896706,0.5074319608025948,0.18631378951059005,0.012484340527420115,22.699076263248582,0.04177222759607282
