seed,loss,mse,rmse,mae,r2,training_time,inference_time
43,0.09242245554924011,5.693964970051803,2.3862030445986364,0.97283162774569,0.9486972541980875,106.55932974815369,0.9770410060882568
44,0.106961689889431,6.752269369713922,2.59851291505621,1.0733472498546015,0.9414413750125514,107.62415337562561,1.0808804035186768
45,0.1018887460231781,6.435612870885067,2.536850975300888,1.057097290563174,0.9444772520991432,108.59155941009521,1.1496708393096924
46,0.09117564558982849,6.012683175151,2.452077318346834,1.0111684628352378,0.9500252892127885,106.64167761802673,1.0353929996490479
47,0.08704715967178345,5.695868907357578,2.3866019582992006,1.003872966401003,0.9517658220242401,109.74211573600769,1.0076861381530762
mean,0.09589913934469223,6.118079858631874,2.4720492423203537,1.0236635194799413,0.9472813985093621,107.83176717758178,1.05013427734375
std,0.008231216196790863,0.4669763208175209,0.09389090860700254,0.04098159270268544,0.004231215821654594,1.3514094044368918,0.06748078899660379
