fold,loss,mse,rmse,mae,r2,training_time,inference_time
1,0.028571411967277527,2.4377575162903313,1.5613319686377818,0.6441392513549976,0.9699751571163215,140.73800230026245,0.7828006744384766
2,0.032522253692150116,2.9742484662742785,1.7246009585623796,0.6884469664941432,0.9652342250721965,68.98119831085205,0.6949915885925293
3,0.026474108919501305,2.432688506147071,1.5597078271737534,0.6369623090953763,0.9724368301209653,94.9111819267273,50.728437185287476
4,0.0815356969833374,7.578072582889413,2.7528299226231563,1.1401388997652653,0.9298127593619396,66.57316184043884,0.7852573394775391
5,0.03655318543314934,2.8863953039189685,1.6989394644656908,0.7237245659569246,0.9623793999896959,94.56223702430725,0.7991392612457275
mean,0.041131331399083135,3.661832475104012,1.8594820282925522,0.7666823985333414,0.9599676743322239,93.15315628051758,10.75812520980835
std,0.02291382849211849,2.203415845834529,0.5051720765751851,0.21170736940561394,0.017309689713904477,29.833594277089595,22.34412166524045
