seed,loss,mse,rmse,mae,r2,training_time,inference_time
43,0.030238475650548935,2.657299691236633,1.6301226000631464,0.6408399120394251,0.9723164533362713,73.52552795410156,1.3090152740478516
44,0.034826043993234634,3.2538481899904084,1.8038426178551188,0.7178114075695633,0.9682378847264714,76.40667772293091,1.2970902919769287
45,0.03130635619163513,3.3544084086529398,1.8315044113113514,0.7184348134637532,0.9712586351907553,77.9270830154419,1.4474987983703613
46,0.03354429826140404,2.7951369121787017,1.6718662961429367,0.6479326757908875,0.9693550812592605,74.37737679481506,1.2518401145935059
47,0.032387830317020416,3.165111227148598,1.7790759475493445,0.6999878172693123,0.9704089093336568,68.34020757675171,1.1138410568237305
mean,0.03246060088276863,3.0451608858414563,1.7432823745843797,0.6850013252265883,0.9703153927692831,74.11537461280822,1.2838571071624756
std,0.001805902684755532,0.3027048064303285,0.08751748614493451,0.037891983876798714,0.0015922415701190699,3.6588355185661037,0.11991371776061643
