fold,loss,mse,rmse,mae,r2,training_time,inference_time
1,0.28933897614479065,67.62167342295983,8.223239837373091,3.882374546210634,0.692121840172525,39.509605884552,0.6978557109832764
2,0.3622799515724182,92.40136113176221,9.612562672449123,4.129033466694387,0.6065677975639586,45.272531270980835,0.9234349727630615
3,0.3116854131221771,84.5090342221442,9.19287953919468,4.409556195535573,0.694580904003888,33.640960931777954,0.8936111927032471
4,0.5748291015625,180.636541321164,13.440109423705001,6.044106382309075,0.4595604918436654,29.34266209602356,0.8786334991455078
5,0.3729974925518036,132.2475020946545,11.499891394906932,5.501500039776584,0.6359840918305969,49.05836296081543,0.8517358303070068
mean,0.3822261869907379,111.48322243853696,10.393736573525766,4.79331412610525,0.6177630250829268,39.36482462882996,0.8490542411804199
std,0.11311823297623445,45.356632825392815,2.0776977880245915,0.9333218119254191,0.09606716637252895,8.094643324937362,0.08840380947046643
