seed,loss,mse,rmse,mae,r2,training_time,inference_time
43,0.36179158091545105,75.46694035209644,8.687171021229894,4.177119602062905,0.6672480950599678,43.791245460510254,1.5499913692474365
44,0.3582879304885864,76.50235482138042,8.746562457410365,4.193677821757353,0.6697723929151916,32.90078568458557,2.257585287094116
45,0.3534434139728546,76.11118888153192,8.724172676049685,4.220338244147338,0.6739498867075064,34.189356088638306,1.5655772686004639
46,0.35675185918807983,74.09236222257366,8.607692038088587,4.186565348805822,0.6718362462997973,35.072585105895996,1.571202039718628
47,0.36098796129226685,76.13716885856769,8.725661514095519,4.190596958771936,0.6679421924337827,33.3066840171814,1.637450933456421
mean,0.3582525491714478,75.66200302723003,8.69825194137481,4.193659595109071,0.6701497626832491,35.8521312713623,1.7163613796234132
std,0.0033685430373500413,0.9533576637049826,0.05495670568025983,0.01616346256708051,0.0027713092092364407,4.516408698764705,0.30439950680939293
