seed,loss,mse,rmse,mae,r2,training_time,inference_time
43,0.08114904910326004,6.297342258440351,2.5094505889617253,1.0521753474730813,0.9538233876537769,65.63918352127075,0.982550859451294
44,0.09893455356359482,6.146981948445874,2.4793107809320465,1.013460701107263,0.9448816046298983,65.4352674484253,0.9132404327392578
45,0.10149628669023514,6.92757101325514,2.6320279279018184,1.0808349268633286,0.9437493135254371,56.84714388847351,0.9357621669769287
46,0.08960174769163132,6.127953196376873,2.4754702980195242,1.0434142233320525,0.9498227637363087,64.92754745483398,0.9411108493804932
47,0.08772414177656174,6.013119803714506,2.4521663491114354,1.021581430633718,0.9508317276228831,57.468705892562866,0.8931410312652588
mean,0.0917811557650566,6.302593644046548,2.50968518898531,1.0422933258818887,0.9486217594336608,62.06356964111328,0.9331610679626465
std,0.008363697493911783,0.36370787697004825,0.07136084565710246,0.0266677174885697,0.004216420103515992,4.491091185386853,0.03356989458178743
