fold,loss,mse,rmse,mae,r2,training_time,inference_time
1,0.0403464213013649,3.418774982783042,1.848992964503392,0.7749476325949728,0.9584214941104587,75.53435564041138,0.5390644073486328
2,0.058494918048381805,4.966724206976049,2.2286148628634894,0.9573168969902861,0.9494071322284879,64.14288783073425,1.1697678565979004
3,0.03323870152235031,4.680541048717067,2.163455811593356,0.920173447917855,0.964094858408167,72.22493577003479,0.5873925685882568
4,0.022088641300797462,2.718445575383395,1.6487709287173264,0.6961670033471687,0.9738766391943976,92.35970878601074,0.5894758701324463
5,0.05956999212503433,7.575805273547995,2.752418077536186,1.0993980248152164,0.9467154065743303,87.9162163734436,0.5896120071411133
mean,0.04274773485958576,4.67205821748151,2.12845052904275,0.8896006011330998,0.9585031061031684,78.43562088012695,0.6950625419616699
std,0.016232284854347804,1.8645353436679055,0.4209462003913731,0.1581905612037344,0.011060136470405442,11.56540187874788,0.2662431865206953
