seed,loss,mse,rmse,mae,r2,training_time,inference_time
43,0.07103585451841354,5.122323310105187,2.2632550254236015,0.9351685676222488,0.9570555588417596,84.77818441390991,1.0026295185089111
44,0.09148126095533371,5.875379419140404,2.4239181956370563,0.9937157510357933,0.9457132094677999,77.47374153137207,0.987760066986084
45,0.08493751287460327,6.874442414969173,2.621915790975975,1.0842685288648457,0.9483172122702648,80.9390332698822,1.0598258972167969
46,0.07851946353912354,6.735372442132725,2.595259609775624,1.061140907664627,0.9525634043874115,75.60187125205994,0.86063551902771
47,0.07455416768789291,5.1340757706703615,2.2658499002957724,0.9541767306907175,0.9555127232876522,75.01309609413147,1.1070632934570312
mean,0.08010565191507339,5.94831867140357,2.434039704421606,1.0056940971756465,0.9518324216509777,78.76118531227112,1.0035828590393066
std,0.008190658655965513,0.8407940888256372,0.17237092527000947,0.06522970997417002,0.004773928485655357,4.081490215679538,0.09294715067396239
