fold,loss,mse,rmse,mae,r2,training_time,inference_time
1,0.05356531962752342,5.162710661485419,2.272159911072594,0.92762533741233,0.949468491967195,108.44055509567261,38.236348152160645
2,0.05122171714901924,5.545190481081183,2.354822813096812,1.00664561223553,0.949086292699301,60.55258512496948,0.7835752964019775
3,0.05205351486802101,5.614115571962902,2.369412495105675,0.9857292570883002,0.9466801047267546,100.29149174690247,0.7833974361419678
4,0.05510026589035988,6.1080192647908715,2.4714407265380394,1.0387580786142927,0.9359314439206136,65.46520900726318,20.489470720291138
5,0.048316869884729385,5.2487835762568436,2.291022386677364,1.0129563040615541,0.9540378521768539,114.70027804374695,0.7873382568359375
mean,0.052051537483930585,5.535763911115444,2.351771666498097,0.9943429178824015,0.9470408370981437,89.89002380371093,12.216025972366333
std,0.0025604017775162206,0.3725689441043559,0.07853295305322468,0.04182090276493564,0.0067561890405751866,25.125277849768167,16.863628620065917
