seed,loss,mse,rmse,mae,r2,training_time,inference_time
43,0.05387628823518753,3.8045616560170514,1.950528558113685,0.7940159174806074,0.9579293983239795,75.5286877155304,1.3928287029266357
44,0.05558553338050842,4.90757241018131,2.215304134917215,0.8962545642409192,0.9561634580154035,78.02586269378662,1.315992832183838
45,0.05514052137732506,4.5869074606636575,2.1417066700796488,0.8833059887841254,0.9564859012100403,75.81078052520752,1.4133210182189941
46,0.0595114640891552,4.756030445689355,2.1808325120672047,0.8689503434214032,0.9532671071619824,69.82315945625305,1.3633332252502441
47,0.05092169716954231,4.0179738110392735,2.0044884162896213,0.8160261809429002,0.9598382433327969,59.383907318115234,1.002399206161499
mean,0.0550071008503437,4.41460915671813,2.098572058293475,0.851710598973991,0.9567368216088404,71.71447954177856,1.2975749969482422
std,0.003106884847473068,0.4792560698425477,0.11513292789216222,0.044389458913148355,0.0024223790543012333,7.529633557815036,0.1690136966738129
