fold,loss,mse,rmse,mae,r2,training_time,inference_time
1,3.4593281745910645,3.4593279670112937,1.8599268714149204,0.7511552110271963,0.6193328353578501,567.7199892997742,0.28462672233581543
2,2.829634189605713,2.829633963419081,1.6821515875268438,0.730372748381748,0.6505130377171664,489.3595314025879,0.29855895042419434
3,3.1194205284118652,3.1194208373481165,1.76618822251427,0.7517597429978776,0.7314858972643931,398.0849359035492,0.3322021961212158
4,2.0672292709350586,2.067229045922389,1.4377861614031446,0.6433988846584789,0.7738672543744677,840.208399772644,0.24174141883850098
5,2.1067771911621094,2.106777301743166,1.4514741822516741,0.641778926695027,0.7151071585037295,665.9711675643921,0.2420816421508789
mean,2.716477870941162,2.7164778230888094,1.6395054050221707,0.7036931027520655,0.6980612366435214,592.2688047885895,0.2798421859741211
std,0.6164925739270795,0.6164925833985591,0.1887453641546519,0.056443810665353165,0.06247662783803082,170.15171088288702,0.03870499595798166
