seed,loss,mse,rmse,mae,r2,training_time,inference_time
43,8.814472198486328,8.814472296645485,2.9689176978564906,1.2289369687197438,0.618924887018476,546.6192433834076,0.2809913158416748
44,7.456079959869385,7.456079767000589,2.7305823128044664,1.1880084793706898,0.20793786931784408,544.0655188560486,0.32588887214660645
45,6.755569934844971,6.755570229167869,2.5991479813907996,1.097572105463527,0.5099234417964015,553.9276809692383,0.299729585647583
46,8.325309753417969,8.325309941941336,2.8853613191316847,1.2673242845159491,0.5145830981168656,559.6430013179779,0.264784574508667
47,7.4210968017578125,7.421096485039833,2.7241689531010795,1.1674336712687572,0.1314957092139385,518.9743859767914,0.2715137004852295
mean,7.754505729675293,7.754505743959022,2.781635652856904,1.1898551018677332,0.3965730010927051,544.6459661006927,0.28858160972595215
std,0.8135475284236909,0.8135475532530293,0.14581168812189843,0.06432563362865332,0.21334493794769366,15.607066224195146,0.0246542804027251
