fold,loss,mse,rmse,mae,r2,training_time,inference_time
1,0.04307614266872406,3.5643766861349175,1.8879556896640657,0.812686704202806,0.9555740817706687,69.46399235725403,0.7004437446594238
2,0.0550609715282917,5.341225553895655,2.3111091609648504,0.9882041037883346,0.9520981462226752,77.71078276634216,0.6131551265716553
3,0.03362669423222542,3.9966322635653793,1.9991578886034438,0.863352644856341,0.9638232741923828,95.96220660209656,0.6736240386962891
4,0.025516293942928314,3.222954454189581,1.795258882219938,0.7288350689293804,0.969777754363347,78.17775511741638,0.6024782657623291
5,0.057612523436546326,6.543396095522103,2.558006273550185,1.0508584055001102,0.9481495043894287,106.05898880958557,0.6073031425476074
mean,0.042978525161743164,4.533717010661527,2.110297579000497,0.8887873854553945,0.9578845521877005,85.47474513053893,0.639400863647461
std,0.013716187569426587,1.3817614882178202,0.3169407253852255,0.13055045260445594,0.008807789169456726,15.029698226904804,0.04466497420156771
