seed,loss,mse,rmse,mae,r2,training_time,inference_time
43,0.08101746439933777,5.113204345578766,2.261239559528969,0.9469124594999463,0.9518264322146806,79.39121747016907,0.9819397926330566
44,0.08962497860193253,5.934896819181504,2.436164366207975,1.034901408474391,0.9464739596909929,75.24162602424622,0.9594647884368896
45,0.08211611956357956,5.922871387884478,2.433695007161842,1.0254392232541725,0.9508413870570164,78.803706407547,1.0081493854522705
46,0.08754075318574905,5.601383628662803,2.366724240097017,0.9751972037139408,0.9480219582987227,78.89045929908752,0.9938168525695801
47,0.07932978123426437,5.3582256611173165,2.3147841500056363,0.9688872900954885,0.9523932993050316,75.1774640083313,0.966761589050293
mean,0.08392581939697266,5.586116368484974,2.3625214646002877,0.9902675170075877,0.9499114073132888,77.50089464187622,0.982026481628418
std,0.004427337546794852,0.357374030612867,0.07590040997817644,0.0380562828086206,0.0025533328362183564,2.1038151905531524,0.019770390810456413
