fold,loss,mse,rmse,mae,r2,training_time,inference_time
1,0.2573698163032532,35.73730148040444,5.978068373680953,2.350685172193516,0.7699020523160663,78.96191763877869,0.7064170837402344
2,0.24761097133159637,38.46297297876044,6.201852382857918,2.302997350561166,0.7978203938357735,136.16551804542542,0.6008169651031494
3,0.13002713024616241,27.045702933423183,5.200548330072818,1.8642536154925107,0.8349017780926712,49.27170276641846,0.5615663528442383
4,0.09408825635910034,18.30837230402146,4.278828379827995,1.6885071800101261,0.8857420692759423,61.84868502616882,0.582871675491333
5,0.27241241931915283,69.5534593552422,8.339871662995911,3.0098992441099637,0.7457284457135022,94.6510751247406,0.5931267738342285
mean,0.20030171871185304,37.82156181037035,5.999833825887119,2.2432685124734566,0.8068189478467911,84.1797797203064,0.6089597702026367
std,0.08202850671747852,19.4200448664184,1.5097830440625712,0.5133811887146372,0.05521183082354835,33.75145451759679,0.05643944034411835
