seed,loss,mse,rmse,mae,r2,training_time,inference_time
43,0.5555689930915833,72.05819075266415,8.488709604684574,4.077671198223881,0.6837452317706223,98.37929821014404,0.9487159252166748
44,0.548192024230957,72.98412618985445,8.543074750337519,4.086839569170143,0.6855644837194254,81.83063006401062,0.9554147720336914
45,0.5622228384017944,73.66515979765776,8.582841009692407,4.146914904584091,0.6787020323201433,81.27345132827759,0.950474739074707
46,0.5632582902908325,74.04323698492088,8.604837998760981,4.149833396396404,0.6782586879139414,84.83715033531189,1.105203628540039
47,0.5602806806564331,73.39705489690078,8.567208115652425,4.1419789930326045,0.6803828020227584,82.74867057800293,1.014251947402954
mean,0.5579045653343201,73.22955372439961,8.557334295825582,4.120647612281425,0.6813306475493781,85.81384010314942,0.9948122024536132
std,0.006179484800628574,0.7602985644743513,0.04448980061361404,0.03530851309645929,0.0032015836254786737,7.154037618750694,0.06746666879793932
