fold,loss,mse,rmse,mae,r2,training_time,inference_time
1,0.04101714864373207,4.305352097677541,2.0749342393621877,0.8575180503472578,0.9632980788501605,105.71642923355103,0.6686639785766602
2,0.044007714837789536,3.2174014760449494,1.7937116479648978,0.7762805421139563,0.9647203469462492,113.20403718948364,0.6311545372009277
3,0.028996869921684265,3.2161282835753098,1.7933567084033533,0.7712816194364732,0.9639032222547527,61.54647922515869,0.6254465579986572
4,0.01929224096238613,2.2083411317182424,1.4860488322118632,0.6452336156499293,0.9764811795258476,84.30540323257446,0.5550904273986816
5,0.05426780506968498,7.971977083072505,2.8234689803630757,1.1366109290321056,0.9490129111700636,63.27167725563049,0.6005978584289551
mean,0.037516355887055396,4.18384001441771,1.9943040816610753,0.8373849513159446,0.9634831477494148,85.60880522727966,0.6161906719207764
std,0.013598753128250457,2.2437587278550923,0.5081722693729015,0.1836893182281719,0.009747794002538517,23.693116329639945,0.04195060284388693
