seed,loss,mse,rmse,mae,r2,training_time,inference_time
43,0.09263274073600769,5.859082203491444,2.420554110837319,0.9817980924073808,0.9487349295619246,144.03625464439392,1.0821588039398193
44,0.10606352239847183,6.385968550780319,2.527047397810401,1.0449909218461817,0.9419157192266069,144.1062936782837,1.0765941143035889
45,0.09849721193313599,5.5148529931215995,2.3483724136349413,0.9921533938066586,0.9458704163421574,80.6841070652008,1.0204718112945557
46,0.10139094293117523,6.429494806104986,2.535644850152518,1.0335557721379556,0.9447952103543837,82.18628883361816,0.9730324745178223
47,0.09900156408548355,5.729330809438577,2.393602057452027,1.039765267849964,0.9459859050115389,84.35295486450195,1.8037526607513428
mean,0.09951719641685486,5.983745872587385,2.4450441659774413,1.018452689609628,0.9454604360993223,107.0731798171997,1.1912019729614258
std,0.004875122688898524,0.40638767874652826,0.08295253919458788,0.029248159425595697,0.0024583557418165185,33.799665487874734,0.3453224714821781
