fold,loss,mse,rmse,mae,r2,training_time,inference_time
1,0.15145976841449738,22.24471051187689,4.716429848081797,1.5756044581412867,0.8637088537537357,225.36727452278137,0.6819033622741699
2,0.09784271568059921,12.611848476026003,3.5513164426767156,1.1507034293304803,0.9065599570644692,214.48053336143494,0.6780166625976562
3,0.054816827178001404,10.196260715307401,3.193158423145867,1.1190719552029667,0.9382007174475548,181.1226453781128,0.6397199630737305
4,0.12024105340242386,14.175663511950177,3.7650582348683765,1.458228348702933,0.8829481130647546,99.97489833831787,0.6663193702697754
5,0.09894706308841705,24.25061351404895,4.924491193417747,1.4391867691244384,0.8956738777823078,131.25521993637085,0.6788802146911621
mean,0.10466148555278779,16.695819345841887,4.030090828438101,1.348558992100421,0.8974183038225645,170.44011430740358,0.6689679145812988
std,0.03534275890602037,6.187474726833945,0.7534813039991313,0.20223842934678696,0.027818750653988835,53.78538490681279,0.017391929130387646
