seed,loss,mse,rmse,mae,r2,training_time,inference_time
43,0.702721893787384,71.97364458852054,8.48372822457913,4.108218043111775,0.6842981483780166,183.28405284881592,0.9958467483520508
44,0.7032079100608826,73.36789496532496,8.565506112619673,4.1751662838095935,0.6786659862465702,185.35706615447998,1.0639128684997559
45,0.6960150003433228,73.97318331024104,8.600766437372954,4.163372863087472,0.6837187977576784,191.43831706047058,1.037705898284912
46,0.6966162919998169,73.91084229640322,8.597141518923788,4.1876178210142525,0.6819791033012533,187.24500393867493,1.0654876232147217
47,0.7170944809913635,74.62667011107636,8.638672936920136,4.192975731215345,0.6765227431528343,190.53660559654236,0.9421510696411133
mean,0.7031311154365539,73.57044705431322,8.577163046083136,4.165470148447687,0.6810369557672706,187.57220911979675,1.0210208415985107
std,0.008488682992986734,0.9980578667879719,0.05832168570836601,0.03399740319398373,0.0033434603212134373,3.4328065366395393,0.052320138701609675
