fold,loss,mse,rmse,mae,r2,training_time,inference_time
1,5.7974677085876465,5.797467570311089,2.407793091258277,1.0053834283417389,0.08024263345456346,210.82082986831665,0.20438838005065918
2,3.626708745956421,3.626708563916958,1.9043919144747905,0.8819157138087017,0.5920410111636105,313.03059339523315,0.1768646240234375
3,3.7051849365234375,3.7051846325266093,1.9248856154396836,0.8462107817024704,0.5444791901265719,439.5667359828949,0.24806451797485352
4,3.249479293823242,3.24947912103872,1.802631166112114,0.8038830416655024,0.6497648891372015,554.8448605537415,0.19532251358032227
5,3.4478859901428223,3.447886228652273,1.8568484667985896,0.8027785436583339,0.6794415086182192,366.9608952999115,0.20440673828125
mean,3.965345335006714,3.9653452232891295,1.9793100508166908,0.8680343018353496,0.5091938465000333,377.0447830200195,0.2058093547821045
std,1.0391413434496157,1.0391413164237675,0.2441232937092398,0.08352760073483018,0.2453835445917398,129.76109397614033,0.026159398864293727
