fold,loss,mse,rmse,mae,r2,training_time,inference_time
1,0.2534489929676056,35.4213874537974,5.951586969355098,2.368555946275259,0.7733288438421417,61.40959453582764,0.5898776054382324
2,0.24524031579494476,36.54092530161489,6.044909039978591,2.266267445298615,0.8004106197254104,104.8876039981842,0.6158313751220703
3,0.12536156177520752,27.1724788160851,5.212722783352775,1.8438533055356918,0.8408446563849156,56.51702094078064,0.546776533126831
4,0.09832902997732162,17.946543824849226,4.236336132184181,1.6778563851278034,0.8798851417196293,44.16966533660889,0.568657398223877
5,0.27329498529434204,70.33629055536127,8.386673390287788,2.9931345890607024,0.7448489068547871,73.32114672660828,1.2860989570617676
mean,0.1991349771618843,37.48352519034158,5.966445663031687,2.2299335342596143,0.8078636337053767,68.06100630760193,0.7214483737945556
std,0.08090082999452404,19.82710529131401,1.5350290471323147,0.5140183114099494,0.05360480482655704,23.0877046541606,0.31668258272935945
