seed,loss,mse,rmse,mae,r2,training_time,inference_time
43,0.5508806705474854,70.6972804610114,8.408167485309233,4.063081965842822,0.6857517299333016,65.86688280105591,1.0166535377502441
44,0.5519688725471497,74.21085066264912,8.61457199532566,4.090799961734646,0.682905786336408,68.27696943283081,0.9074113368988037
45,0.5591870546340942,75.22629038916389,8.673309079536132,4.168662498646291,0.6787672181290869,66.5264368057251,0.9090440273284912
46,0.547804594039917,71.51360104846796,8.456571471256419,4.055148350280098,0.6857609859903918,83.97803926467896,1.007920503616333
47,0.554215669631958,71.47746830487854,8.454434830600952,4.077861382976116,0.6840282982738582,62.41957235336304,0.9321050643920898
mean,0.5528113722801209,72.62509817323418,8.521410972405679,4.091110831895995,0.6834428037326092,69.41358013153076,0.9546268939971924
std,0.004246369621752844,1.9716600370350632,0.1153972085791142,0.04546653431065274,0.0028808593100870914,8.414959255105686,0.053623345513205384
