seed,loss,mse,rmse,mae,r2,training_time,inference_time
43,77.64877319335938,77.64876085991935,8.811853429325714,4.252306262057731,0.3319701123636937,77.76944422721863,0.3029322624206543
44,78.08789825439453,78.08789877776108,8.836735753532583,4.3058376495725526,0.16264616181633332,76.61533713340759,0.3272562026977539
45,78.03323364257812,78.0332281977092,8.833641842281654,4.278614250286805,0.26501892260171217,76.32642722129822,0.25609254837036133
46,77.93925476074219,77.93926021759667,8.828321483588864,4.290391316433974,0.3207932388280819,78.28345060348511,0.3049602508544922
47,78.19327545166016,78.19327638268861,8.8426962168045,4.289185897778837,0.3046196848066755,77.63943147659302,0.30311107635498047
mean,77.98048706054688,77.98048488713498,8.830649745106662,4.2832670752259805,0.2770096240832993,77.32681813240052,0.29887046813964846
std,0.20696162573289217,0.20696625624749515,0.011724247449881023,0.019845899019003112,0.06878000085234758,0.8239808605875832,0.026015700694589947
