seed,loss,mse,rmse,mae,r2,training_time,inference_time
43,0.13566042482852936,8.869113196522337,2.9781056389124845,1.2537544506960498,0.9406338152411364,151.41414833068848,0.9862139225006104
44,0.13220611214637756,7.501550852315275,2.738895918488922,1.1303855121604396,0.9411031522372912,150.78958821296692,1.717848777770996
45,0.1562865674495697,8.822051642255115,2.970193872839804,1.248265900783301,0.9331079726380259,155.38552260398865,0.9628345966339111
46,0.13859347999095917,8.311610404223366,2.8829863690665216,1.1916277183034087,0.9390859900602369,148.62871599197388,0.9658169746398926
47,0.12754032015800476,8.924911841604262,2.987459094549122,1.2523515351965482,0.9421991461055758,148.22093415260315,0.95131516456604
mean,0.1380573809146881,8.48584758738407,2.9115281787713707,1.2152770234279495,0.9392260152564532,150.8877818584442,1.1168058872222901
std,0.010990700109420189,0.602474433411215,0.10518585696479765,0.05410442722036186,0.003598440760391091,2.860586947832853,0.33622864499569566
