seed,loss,mse,rmse,mae,r2,training_time,inference_time
43,0.03373967111110687,3.5720990722718966,1.8899997545692688,0.7543332005814133,0.9695169682419857,40.92149114608765,0.8584983348846436
44,0.03862715885043144,3.893216275144668,1.97312348198096,0.7949536385206977,0.9653926526620152,42.03331971168518,0.9055845737457275
45,0.03758390620350838,4.556783600384083,2.1346624089968143,0.8376018280530553,0.9663031809209608,39.00389552116394,0.8744754791259766
46,0.03333863988518715,3.359574801523786,1.8329142919197792,0.7364053786211134,0.970145533678807,42.3762366771698,1.003429889678955
47,0.035109106451272964,3.8985572480533524,1.974476449100711,0.7942733389961707,0.9682853406204636,43.467119455337524,0.8838226795196533
mean,0.03567969650030136,3.856046199475557,1.961035277313507,0.78351347695449,0.9679287352248463,41.56041250228882,0.9051621913909912
std,0.0023389830316379785,0.45313671470094574,0.11394538498495109,0.03950589547831696,0.0020394845225432602,1.6932765051825835,0.057513658191458455
