fold,loss,mse,rmse,mae,r2,training_time,inference_time
1,4.924000263214111,4.923999981874403,2.2190087836406605,1.0173404677281712,0.32016191727425053,283.56242513656616,0.2105550765991211
2,4.635268211364746,4.635267920807727,2.1529672363525942,0.9239896348451385,0.5818813364230319,316.2843563556671,0.1816420555114746
3,3.248572826385498,3.2485728955302675,1.8023797867070823,0.823328970883805,0.6155726256105815,456.0696656703949,0.19238638877868652
4,4.177491664886475,4.177491706790318,2.043891314818456,0.9155964797400342,0.6021614095055202,253.05472373962402,0.17873048782348633
5,4.4820098876953125,4.482009661841515,2.117075733610282,0.949332117209099,0.5710285304219939,283.062105178833,0.17917203903198242
mean,4.293468570709228,4.293468433368846,2.067064571025815,0.9259175340812495,0.5381611638470757,318.406655216217,0.1884972095489502
std,0.6432734249536162,0.6432732708987533,0.16090561122405422,0.06989465243628339,0.1230893523407537,80.14025382832068,0.013518653864149327
