seed,loss,mse,rmse,mae,r2,training_time,inference_time
43,6.513633728027344,6.513633919315622,2.552182187720074,1.0651638108179153,0.6931437890214585,234.20679140090942,0.24957704544067383
44,6.893124103546143,6.8931242968799955,2.6254760133888095,1.1544644692373183,0.5210606865927004,235.5078001022339,0.2466888427734375
45,6.1482439041137695,6.148244283361169,2.479565341619609,1.0864343536135024,0.6516591506664976,235.79822278022766,0.2795979976654053
46,5.885393142700195,5.885393119484292,2.425982918217746,1.02383970551313,0.6087350078368259,235.5014615058899,0.2555513381958008
47,5.827014446258545,5.827014422198222,2.4139209643644555,1.0961178355520376,0.5174727331055041,235.09177899360657,0.25684356689453125
mean,6.253481864929199,6.253482008247859,2.499425485062139,1.0852040349467809,0.5984142734445973,235.2212109565735,0.25765175819396974
std,0.4486813959572851,0.44868148083030324,0.08912247801307212,0.04765717153735526,0.07818300004079523,0.6203660253008634,0.01296233837747625
