fold,loss,mse,rmse,mae,r2,training_time,inference_time
1,58.91267776489258,58.91267895943707,7.67545952757469,3.3945575677690925,0.24327768269131247,117.91941380500793,0.18294477462768555
2,70.17613983154297,70.17614195862689,8.37712014708079,3.4326955565889254,-0.1979041952587867,106.01615619659424,0.17038321495056152
3,81.22433471679688,81.2243422557918,9.012454840707486,3.7413619558270277,0.3455061862670477,124.53170084953308,18.301615715026855
4,75.80665588378906,75.80665606639053,8.706701790367608,3.973092402255009,0.08632761238479374,63.95236349105835,0.16278767585754395
5,75.64131164550781,75.6412993549385,8.697200661991104,3.921303357848112,0.2047277280073254,68.89754390716553,0.16410183906555176
mean,72.35222396850585,72.35222371903696,8.493787393544336,3.6926021680576335,0.13638700281833854,96.26343564987182,3.79636664390564
std,8.467914310272512,8.46791449951862,0.5096560510583031,0.26913683928500837,0.20861654580338057,28.089540670159355,8.108684661787283
