seed,loss,mse,rmse,mae,r2,training_time,inference_time
43,78.5719985961914,78.57199647120888,8.864084638089196,4.288274070334683,0.37565178095967183,82.76508927345276,0.35497212409973145
44,79.44760131835938,79.44760546110705,8.913338625964293,4.338146268571431,0.3176536881725567,72.22612476348877,0.3724784851074219
45,79.22441101074219,79.22441113482951,8.900809577495156,4.325483277369315,0.20136621013545786,70.97464728355408,0.37096142768859863
46,79.12373352050781,79.12374110862986,8.895152674835314,4.332484045514354,0.34582446191793464,74.22655820846558,0.27623724937438965
47,79.2373275756836,79.23733290226322,8.901535423861617,4.321663034869339,0.32092390856507497,71.84748649597168,0.27924084663391113
mean,79.12101440429687,79.12101741560771,8.894984188049115,4.321210139331825,0.3122840099501392,74.40798120498657,0.33077802658081057
std,0.3287492873155694,0.3287516999825878,0.01849695799026058,0.019475516028291295,0.06623193325152708,4.821270114657211,0.048912589421931045
