fold,loss,mse,rmse,mae,r2,training_time,inference_time
1,0.03637940064072609,3.6787038049480665,1.917994735380696,0.7111414910538771,0.9673557670395746,145.66226053237915,0.7130153179168701
2,0.027829794213175774,2.4735075754710945,1.5727388770775315,0.6109550897863041,0.9734506173279577,160.01441526412964,0.7501099109649658
3,0.015842583030462265,1.6652350626172838,1.2904398717558614,0.5599042676610717,0.981935710610645,192.23406505584717,0.6457846164703369
4,0.03140184283256531,2.62905871270334,1.6214372367450243,0.6409608973339672,0.9694146881225186,168.47467517852783,0.7685027122497559
5,0.02272927016019821,2.691990150601066,1.6407285426300922,0.6302058973874164,0.9758386707282493,137.33581042289734,0.6454472541809082
mean,0.026836578175425528,2.62769906126817,1.6086678527178413,0.6306335286445274,0.973599090765789,160.74424529075623,0.7045719623565674
std,0.007915672562566072,0.7174360820046346,0.22329017247838234,0.05472257015849944,0.005723314377154236,21.3735937208167,0.05741040618147639
