fold,loss,mse,rmse,mae,r2,training_time,inference_time
1,20.722606658935547,20.722603769478617,4.552208669369037,1.5652271024556506,0.5682921735934184,571.0708630084991,0.24254870414733887
2,18.944168090820312,18.94416960786256,4.352490046842446,1.5627139960222258,0.7295723920225528,483.700825214386,0.2202301025390625
3,13.989898681640625,13.989898828487748,3.7403073173855312,1.4288067622215603,0.52951369324831,522.3942234516144,0.2156667709350586
4,17.91180419921875,17.91180582230116,4.232234140770234,1.5081241545073463,0.63517816925761,646.1657328605652,0.23477458953857422
5,16.678571701049805,16.67857258911479,4.0839408160641595,1.5348249041653468,0.6609368877246502,210.55260634422302,0.23282074928283691
mean,17.64940986633301,17.649410123448973,4.192236198086282,1.519939383874426,0.6246986631693082,486.77685017585753,0.22920818328857423
std,2.5260808095709106,2.5260800287833765,0.3052985893024552,0.05600664689869269,0.07852292425702558,165.89770086705204,0.011022486004286593
