fold,loss,mse,rmse,mae,r2,training_time,inference_time
1,0.21364612877368927,29.393842372979478,5.421608836220064,2.191844252211204,0.7481775163843079,59.30274176597595,0.5610678195953369
2,0.3115343451499939,49.67999675317832,7.048403844359255,3.060195670233148,0.741332950557846,43.4753475189209,1.063544750213623
3,0.4265366196632385,94.9425544981661,9.743847007120243,4.466935857774597,0.594349242784716,40.197484731674194,0.5961387157440186
4,0.10989712178707123,27.881554389267492,5.280298702655703,2.0665275593009866,0.8421345905520875,74.88375449180603,0.5307655334472656
5,0.39953720569610596,105.91301386701923,10.291404853906936,4.179159247113301,0.668630027870896,66.94223046302795,17.6182804107666
mean,0.29223028421401975,61.56219237612212,7.55711264885244,3.192932517326647,0.7189248656299707,56.960311794281004,4.073959445953369
std,0.1316685853908047,36.71382107689268,2.3590890160919606,1.1050240482237448,0.09298808078749739,14.909829888800193,7.574646769814347
