seed,loss,mse,rmse,mae,r2,training_time,inference_time
43,0.4429600238800049,72.91110551197296,8.538800004214465,4.080466614957963,0.6851990257307182,55.89108848571777,1.0489671230316162
44,0.4431527256965637,73.8172145000752,8.59169450691045,4.126961933697403,0.6844661065949119,56.19389891624451,1.1017482280731201
45,0.4542662501335144,74.84958603878817,8.651565525313218,4.180897158010971,0.6764053079887008,55.237632036209106,0.980593204498291
46,0.45728662610054016,75.87659132180549,8.710717038327298,4.174061881568883,0.6745926130877614,53.99133324623108,1.7130837440490723
47,0.45589444041252136,76.12182891444259,8.724782456568335,4.196274933371222,0.675549619015496,52.459277391433716,1.0534937381744385
mean,0.4507120132446289,74.71526525741687,8.643511906266752,4.151732504321288,0.6792425344835177,54.75464601516724,1.1795772075653077
std,0.0070702166296641,1.3607561474456311,0.07879707832274174,0.04750161643184238,0.005149629632421845,1.5368465603870076,0.3013458326540325
