fold,loss,mse,rmse,mae,r2,training_time,inference_time
1,0.9253048300743103,201.26859681718724,14.186916395650861,7.097326391364778,0.12093252561398753,2.923945665359497,0.5133969783782959
2,0.9071260690689087,222.73541658608983,14.924322985853992,7.037024555254692,0.0984437561545007,2.832014560699463,0.5050387382507324
3,0.9690708518028259,194.00043116688138,13.92840375516453,6.288852811382262,0.12111078256825503,2.824061393737793,0.48562169075012207
4,0.8217407464981079,193.1048692093403,13.896217802313704,6.84519622677674,0.11556430287604691,2.8626809120178223,0.5179438591003418
5,0.7871318459510803,159.67842189910436,12.636392756602035,5.810283650826018,0.1362465090279781,2.881560802459717,0.49516797065734863
mean,0.8820748686790466,194.15754713572065,13.914450739117024,6.615736727120899,0.11845957524815365,2.8648526668548584,0.5034338474273682
std,0.07536424408655186,22.67820839055222,0.8258387890550382,0.5517407573544029,0.013588000341776048,0.04036746822973855,0.01320963413499779
