seed,loss,mse,rmse,mae,r2,training_time,inference_time
43,0.9337356090545654,206.92328819979764,14.384828403557606,7.094265458232065,0.148765025261997,2.4283807277679443,0.9143965244293213
44,0.9986464977264404,245.1927609279118,15.65863215379657,7.443196508577185,0.09409352742925718,2.9413390159606934,0.9232687950134277
45,0.9675594568252563,232.72285098994257,15.255256503577465,7.102767051162597,0.1191679121412383,2.4057812690734863,0.8781208992004395
46,0.908709704875946,199.69224447710988,14.131250633864997,6.84009256664226,0.17392179240418074,2.333606719970703,0.9036235809326172
47,0.9301031231880188,214.12597210584866,14.633043842818509,7.107025332493644,0.1536525576557629,2.3551859855651855,0.8948225975036621
mean,0.9477508783340454,219.7314233401221,14.812602307523028,7.11746938342155,0.13792016297848722,2.4928587436676026,0.9028464794158936
std,0.03540772555119097,18.802227281337842,0.6307101347742268,0.21441765171424404,0.031359438358183986,0.25356924652213586,0.017512962334204622
