fold,loss,mse,rmse,mae,r2,training_time,inference_time
1,0.22093495726585388,25.488908267086646,5.048654104520001,2.0198072066252686,0.7729274766895525,57.42062997817993,0.7296419143676758
2,0.262357622385025,53.458440061272945,7.311527888292087,2.8779725775246123,0.7581244333886298,120.70751023292542,0.5852489471435547
3,0.21300610899925232,47.63825262075728,6.902046987724532,2.7430328224297287,0.7635863954398152,81.89148616790771,2.6208152770996094
4,0.1448894888162613,28.730937042012656,5.36012472261725,2.110765982126708,0.8283470136145121,55.29463052749634,0.5326645374298096
5,0.33693602681159973,86.88868558565486,9.321410064236787,3.6434652905726677,0.7062169197943429,53.53039860725403,0.5283501148223877
mean,0.23562484085559846,48.441044715356874,6.788752753478131,2.679008775855797,0.7658404477853705,73.76893110275269,0.9993441581726075
std,0.07060258817579476,24.593336148897208,1.715328236628477,0.6578960068268869,0.04352263626748039,28.66780005738992,0.9100835114033525
