seed,loss,mse,rmse,mae,r2,training_time,inference_time
43,0.5072462558746338,72.9943442441112,8.543672760827816,4.08319752310113,0.6848186072668252,70.64787697792053,1.1407721042633057
44,0.508729100227356,74.42314084754624,8.626884770735392,4.131720804263359,0.6829243993777974,83.98562335968018,0.9603443145751953
45,0.519916832447052,75.86213008507296,8.709886915745402,4.2232068069830815,0.675906237583463,75.07037925720215,1.0082600116729736
46,0.5176102519035339,76.06408156125237,8.7214724422687,4.192602691150387,0.6777220540355197,77.81659293174744,1.1073548793792725
47,0.5169062614440918,75.88569006637269,8.711239295666989,4.243630779432502,0.6780982426420437,77.61019587516785,1.0929150581359863
mean,0.5140817403793335,75.0458773608711,8.66263123704886,4.174871720986092,0.6798939081811298,77.02613368034363,1.0619292736053467
std,0.005697613914415886,1.3233369353601423,0.0766274410412977,0.06641655691844431,0.0037841584246464327,4.845296301517258,0.07489941592994925
