fold,loss,mse,rmse,mae,r2,training_time,inference_time
1,34.61607360839844,34.61607410805769,5.883542649463645,2.141828216435409,0.4661999203544312,335.1749143600464,0.18532633781433105
2,31.175500869750977,31.175510594842034,5.583503433762894,2.0598234383343774,0.44596935044253816,217.0920078754425,0.17545056343078613
3,29.664594650268555,29.6645970230103,5.446521552606792,1.9968279864293734,0.4953800266679977,466.62084674835205,0.1767864227294922
4,28.882463455200195,28.88246194304355,5.374240592217988,1.9493726824615474,0.42092686727264406,426.4249544143677,0.1843862533569336
5,30.858312606811523,30.858312004065805,5.555025832889151,2.0838157045577987,0.5926682429294842,333.0702621936798,0.18518877029418945
mean,31.039389038085936,31.039391134603875,5.568566812188093,2.046333605643701,0.48422888153341903,355.6765971183777,0.1814276695251465
std,2.201498080800604,2.201498446413477,0.19511148352032934,0.07509715536126842,0.06648199626169056,96.76131760202921,0.004882767678149146
