fold,loss,mse,rmse,mae,r2,training_time,inference_time
1,49.74564743041992,49.74564290927537,7.053059117097727,2.8277746998780438,0.33888567974284234,284.5007255077362,0.25461483001708984
2,54.51732635498047,54.51732713570771,7.383584978566151,2.906354404796508,0.4052287212519928,339.58609795570374,0.20014548301696777
3,46.008277893066406,46.008273381156414,6.782939877454054,2.8095471902410156,0.4149841627423965,288.1134452819824,0.20360803604125977
4,51.7682991027832,51.76829345482317,7.195018655627181,2.990046571430192,0.12922227026433966,185.57049822807312,0.17017006874084473
5,47.66909408569336,47.66909199142331,6.9042807005091635,2.7929540171255973,0.5485308715416383,377.4389581680298,5.438312768936157
mean,49.94172897338867,49.9417257744772,7.063776665850855,2.8653353766942713,0.36737034110864186,295.04194502830507,1.2533702373504638
std,3.3521561919747027,3.3521574336613273,0.23660354355484453,0.08215477795380928,0.15333407182065012,72.31280733144558,2.339650723081697
