seed,loss,mse,rmse,mae,r2,training_time,inference_time
43,0.05877324193716049,4.909216147253475,2.215675099660028,0.9338211543883017,0.9587030929304355,42.54747128486633,0.9385578632354736
44,0.0682658776640892,5.148624882758173,2.2690581488269914,0.9275267557983842,0.9525005246739849,44.79595184326172,0.972557544708252
45,0.07100380957126617,6.20584569578958,2.4911534869994623,1.0136261443801176,0.9506823929676725,46.07995963096619,0.9597158432006836
46,0.06270302087068558,5.402385935884955,2.3243033226936958,0.9638242880773338,0.9559835008630615,43.900877237319946,0.9196674823760986
47,0.056581031531095505,4.9364137271032495,2.22180416038481,0.9334937329819001,0.9599084155290836,45.78485107421875,0.9711475372314453
mean,0.0634653963148594,5.3204972777578865,2.3043988437129976,0.9544584151252075,0.9555555853928477,44.62182221412659,0.9523292541503906
std,0.006120953828992654,0.5330947467374986,0.11315502006145593,0.03598356730344674,0.003940762805360993,1.4432442119096893,0.022772328372266164
