fold,loss,mse,rmse,mae,r2,training_time,inference_time
1,3.724313497543335,3.7243133016479475,1.9298479996227547,0.9496515368296091,0.22875272535712746,205.32799768447876,57.67286729812622
2,4.785363674163818,4.7853635329398,2.1875473784445902,0.9318995651573326,0.6373391259515919,296.2160677909851,0.16952300071716309
3,6.180376052856445,6.180376346997661,2.4860362722610585,1.0274360901756796,0.571837339394993,242.75646662712097,0.2545199394226074
4,4.4998931884765625,4.499892794487324,2.12129507482748,0.9589946384774125,0.589937084190046,300.6566803455353,0.17437171936035156
5,6.50337553024292,6.503375481254968,2.550171657213484,1.0709565565462977,0.6600485227915001,285.9960792064667,0.17585325241088867
mean,5.138664388656617,5.13866429146554,2.2549796764738734,0.9877876774372663,0.5375829595370517,266.19065833091736,11.689427042007447
std,1.1705595003601152,1.170559675102266,0.2591595795917172,0.058940530393213696,0.17623814667390755,41.03386218901507,25.70554875822258
