seed,loss,mse,rmse,mae,r2,training_time,inference_time
43,5.0826334953308105,5.082633810977276,2.254469740532633,0.9176211833382498,0.7649125689670376,190.5057075023651,0.2799556255340576
44,5.145359039306641,5.1453584259496425,2.268338252102107,0.9604367058501282,0.6186439234167689,182.2524037361145,0.28964686393737793
45,5.1662492752075195,5.1662496597036744,2.27293855167791,0.991704778761248,0.7812114006609923,184.96796441078186,0.26290345191955566
46,4.795525074005127,4.795525217248946,2.1898687671294246,0.9336990260458057,0.7253243938797717,186.6190903186798,0.30296802520751953
47,4.675952434539795,4.675952368804988,2.1623950538245755,0.938625380909822,0.5976726049631894,186.65705633163452,0.3021278381347656
mean,4.973143863677978,4.9731438965369055,2.22960207305333,0.9484174149810507,0.697552978377552,186.20044445991516,0.2875203609466553
std,0.22293885154696672,0.2229388484881338,0.050230622796247515,0.028632071194435622,0.08442456030464544,3.001044870101133,0.016731319193343714
